Country,2010-01,2010-02,2010-03,2010-04,2010-05,2010-06,2010-07,2010-08,2010-09,2010-10,2010-11,2010-12,2011-01,2011-02,2011-03,2011-04,2011-05,2011-06,2011-07,2011-08,2011-09,2011-10,2011-11,2011-12,2012-01,2012-02,2012-03,2012-04,2012-05,2012-06,2012-07,2012-08,2012-09,2012-10,2012-11,2012-12,2013-01,2013-02,2013-03,2013-04,2013-05,2013-06,2013-07,2013-08,2013-09,2013-10,2013-11,2013-12,2014-01,2014-02,2014-03,2014-04,2014-05,2014-06,2014-07,2014-08,2014-09,2014-10,2014-11,2014-12,2015-01,2015-02,2015-03,2015-04,2015-05,2015-06,2015-07,2015-08,2015-09,2015-10,2015-11,2015-12,2016-01,2016-02,2016-03,2016-04,2016-05,2016-06,2016-07,2016-08,2016-09,2016-10,2016-11,2016-12,2017-01,2017-02,2017-03,2017-04,2017-05,2017-06,2017-07,2017-08,2017-09,2017-10,2017-11,2017-12,2018-01,2018-02,2018-03,2018-04,2018-05,2018-06,2018-07,2018-08,2018-09,2018-10,2018-11,2018-12,2019-01,2019-02,2019-03,2019-04,2019-05,2019-06,2019-07,2019-08,2019-09,2019-10,2019-11,2019-12,2020-01,2020-02,2020-03,2020-04,2020-05,2020-06,2020-07,2020-08,2020-09,2020-10,2020-11,2020-12,2021-01,2021-02,2021-03,2021-04,2021-05,2021-06,2021-07,2021-08,2021-09,2021-10,2021-11,2021-12,2022-01,2022-02,2022-03,2022-04,2022-05,2022-06,2022-07,2022-08,2022-09,2022-10,2022-11,2022-12,2023-01,2023-02,2023-03,2023-04,2023-05,2023-06,2023-07,2023-08,2023-09,2023-10,2023-11,2023-12,2024-01,2024-02,2024-03,2024-04,2024-05,2024-06,2024-07,2024-08,2024-09,2024-10,2024-11
AK,597803,534177,548428,501568,477747,466327,487395,502308,483971,505745,535676,605894,618902,553350,561592,508813,481609,464615,474852,495031,485067,509361,561501,604848,618732,595167,556741,515787,480610,466937,491531,499532,487930,510984,566057,626401,613736.83,529706.97,540509.79,515381.97,495836.61,468595.87,480337.07,503016.2,487799.56,504663.18,526262.97,602364.99,601227.18,531572.57,551976.12,493142.85,470943.23,462417.28,475165.65,484644.98,484498.79,504288.77,529627.06,575307.53,581790.87,548100.99,536696.68,497610.53,472214.36,457990.89,474127.19,490502.91,482174.41,503623.91,526417.59,587953.67,577082.62,534751.3,526819.8,480161.47,468776.57,462127.59,473046.22,494176.91,470271.45,506267.37,534246.63,595474.1,606487.69,552560.27,555556.53,503419.7,470965.87,457612.45,476904.52,485324.44,473550.95,493888.45,536432.19,573095.94,573571.73,550137.23,535541.42,478628.48,472052.29,447190.17,466209.23,468883.25,465299.13,469971.37,505791.5,539191.17,560986.56,510894.13,509193.94,454559.38,458888.32,434785.71,460514.72,478147.97,450462.67,478176.3,491109.56,531085.78,593407.19,540996.83,535209.15,472335.87,432822.4,426737.26,449823.31,462605.38,445398.9,479364.93,523347.95,555527.83,541508.31,520827.89,544335.55,484941.42,461049.36,440162.52,453861.3,459765.6,459583.26,485394.78,533550.31,584358.7,579887.66,510447.35,527440.11,481336.35,467394.01,451731.02,462972.47,472160.51,462046.52,484758.07,521957.07,579948.87,587915.71,499542.52,545475.06,493310.99,471313.62,449356.03,472875.88,479758.39,457886.29,490570.05,508594.56,567998.91,586697.28,552342.8,521581.58,489883.01,466012.18,456407.96,466302.71,471316.06,460670.17,489657.69,520046.48
AL,8086522,7427490,6923107,6239468,6933687,8230919,9032345,9154184,8169191,6633443,6217238,7815052,8147003,7036974,6736343,6395870,6832328,8348772,8807714,9226122,7634765,6461043,6359998,7008439,7149779,6587400,6561122,6442711,7254373,7728744,8667809,8390143,7500592,6565282,6459509,6875083,7313858.4,6724178.8,6957053.9,6479166.5,6873149.8,7848798.7,8260499.2,8450259.3,7796401.9,6983459.2,6744055.9,7421225.6,8563472.5,7322174.5,7073895.5,6388396.8,7040455.6,7907461.6,8442193.3,8614985.1,8087947.1,6967664.9,6759146.7,7325933.5,8009640.8,7434523.9,7010498.5,6358561.2,7009609.7,8081855.8,8902983.8,8749290.3,7661551.6,6705362.9,6274532.5,6647132.1,7688459.1,6968017.1,6436846.9,6194280.7,6904393.5,8013839.3,8823541,8865501.4,8102659.4,6870848.4,6315010.3,7041744,7200317.5,6148615.3,6618948.6,6503174,6980786.4,7554985.9,8562713.5,8549973.8,7379417.4,6944662.5,6483247.5,7314887.7,8571459.3,6586518.7,6713777.1,6276438.6,7274981.4,8162939.2,8707921.3,8655685.6,8165554.8,7217313.8,6766332.1,7186623.3,7620009.2,6487731.1,6686662.4,6266000.6,7254105.6,7784533.2,8538545.5,8715536.9,8273112.9,7043192.9,6517018.5,6908663.3,7176428.5,6737747.3,6479782,5708451.2,6260689.8,7187132.2,8223479.9,8381163.6,7297992.2,6477247.3,6154983.9,7310507.1,7559437.3,6936703.1,6634892.7,6161024,6590696.4,7504199.4,8211340.6,8514317.2,7536519.2,6824437.5,6483346.4,6628252.1,7726094.1,6785335.1,6487588.3,6141774.2,7180352.1,8235070.4,8879874.3,8486049.5,7423147.1,6335509.1,6280496.6,7066254.3,7043382.3,6261835.5,6470877.8,6125090.7,6654533.7,7532632.5,8506512.1,8838684.5,7759337.9,6442115.6,6317318.3,6928038.2,7950248.1,6682319.6,6245466.6,6144936.2,7265729.7,7980602.6,8656895.4,8824456.5,7517117.6,6778139.1,6337489.1
AR,4252192,3944855,3643327,3297289,3446769,4253036,4867714,5101091,4562142,3734970,3326127,3764771,4233942,3974957,3512733,3415507,3467036,4300120,4960126,5147213,4334650,3635372,3325982,3620191,3910680,3665356,3494367,3355272,3592711,4201911,4834799,4985920,4330118,3633826,3357222,3497383,3960910.5,3703584.2,3698686.2,3486062.8,3346670.7,3872088.7,4524017.5,4581194.4,4421959,3843904.5,3367280.1,3876675.7,4254639.6,4107545,3787508.6,3342743.3,3258894.6,3861545.1,4376914.3,4547150.2,4483480.5,3762902.9,3500610.8,3796366.1,4081719.3,3854605.5,3970719.8,3236285.9,3309235.5,3901365.8,4659500.9,4858089.8,4254260,3695279,3211764.4,3432328.4,3898512,3745095.9,3423371.5,3220027.3,3290522.8,3862874.3,4826163.3,4741337.8,4348995.3,3819345.3,3402845.1,3609347.6,3973742.7,3476254.4,3462021.3,3331798.5,3459165.6,4017184.3,4485160.2,4672979.1,4147844.1,3929586.4,3459241,3670973.6,4485752.5,4005064.6,3650107.6,3449071.8,3708622.7,4433565.1,4967553.8,4849850.9,4555613.8,4046952.1,3577780.3,3872772.8,4068215.7,3910687.3,3827858.6,3383604.2,3470916.7,4011536.2,4554093.1,4846561.1,4663814.1,3982695.8,3580744.5,3792304.8,3961333.8,3816535.1,3615505.3,3178009.6,3200655.9,3740833.6,4524334.5,4683542.6,4258340,3638051.2,3379526.2,3854335.2,4239092.3,4077787.6,3837479.5,3417299.5,3534746.8,4091862.8,4731256.1,4952040.1,4598599.1,3889697.9,3560032.2,3733248.2,4156508,3974991.6,3795942.9,3461438.4,3717688,4288412.6,5121244.8,4963522.1,4319599.1,3727639.1,3519112.2,3951564.3,4199157.5,3855437.4,3538379.2,3387445.6,3623929.3,4184210.4,4794191.1,5156646.8,4663945.6,3791303,3577167.2,3877487,4547866.3,4044387.6,3607314.8,3405528.1,3779628.3,4486754.3,5005662.2,5047816,4537384.1,3899909.8,3561982.3
AZ,5414020,4803033,5013318,4960902,5605463,7036534,8481688,8091291,7409504,5797042,4981573,5238663,5626181,5150759,5001976,5226956,5770429,7057869,8322651,8807795,7413025,5888172,4942527,5735305,5374513,4951703,5055794,5351033,6451044,7580209,8081988,8557971,7180491,5933364,5043052,5502181,5862341.8,5036021.3,5124993.2,5314464.7,6424522.1,7753134,8548328.1,8298927,7185347.5,5509793.7,5034062.7,5570100.9,5549418.9,4775099.5,5083188.1,5306983,6389121.3,7738941.9,8709916.1,8201590.6,7548933.1,6212663.9,5181376.2,5600452.4,5716217.3,4716844.3,5348465.6,5329679,5905546.7,7780865.1,8518540.2,8891961.3,7619203,6346748.4,5221557.5,5953787.6,5917529.4,5199273,5326927.5,5400313.9,6259730.3,8223259,9119635.6,8522707.2,7089430.1,6369006.6,5273345.9,5536669.7,5639508.1,4836313.5,5401533.3,5517069.7,6414565.9,8119114.1,8867292.4,8651801.2,7397753.3,6180926.2,5116119.7,5504264.7,5461683.2,4865995.7,5267590.7,5705915,6614644.9,7859380.2,9086489.2,9054332.9,7872877.3,5801700.3,5133583.4,5622109.3,5781567.5,5288116.3,5239305.7,5437793.1,5822498.3,7512258.9,9107028.4,9353411.7,7656927.2,5977180.5,5117424.2,5635658.2,5769428.8,5238418.3,5172092.4,5391696.6,7075001.2,7869866.4,9559073.8,9843022.5,8003825.9,6801565.7,5460700.4,5775382.1,5855958,5005460.9,5390503.5,5782418.2,6841874.2,8774780.9,9208129,9117939.5,8025905.3,6092921.1,5392907.5,5731192,5891401.9,5254566.3,5666355.4,5912211.3,7163625.3,8736956.6,9784797.3,9251040.3,8411936.8,6533298.7,5488189.4,6102137.7,6220418.5,5517686.1,5683420,5935428.1,7049561.6,7778453.9,10728856,10183669,8141576.6,7037797.3,5658924.4,5983006.8,6407769.4,5745677.2,5760007.7,6014534.2,7324661.3,9395326.5,11006180,10453584,9046810.6,7662074.4,5898756.1
CA,20256041,19038040,20861122,20255544,19017650,22036601,23616311,24533682,23995943,22506210,20114545,22299203,21010165,19138651,21515349,19410340,20191005,21788563,23355017,26070628,25141565,22072767,20439478,21808172,20887546,19050378,20177826,18947640,20601201,22015226,23334005,26232375,24117856,23816739,20023561,20333685,22027288,19212525,19826857,19388692,21327504,21981278,25635015,25147418,24297237,22151808,18993756,21343082,21034008,18727999,18994258,19847009,20712609,22629657,25635580,25279320,25534900,24204139,18667420,21317887,20436665,18225225,19904835,20019548,19441589,22091399,25191358,24552181,25544655,24329324,19884185,21549473,20116800,18596843,20224894,19147801,19390174,22358254,23899796,27016026,24190191,21407814,19741329,20756713,20697110,18102532,19674737,18532715,20051042,23250038,25465175,26750187,24201252,21240284,19418382,19884484,20465007,17977579,21519329,18398869,19888752,21109726,25354260,29886332,20323083,22425636,18320422,19680616,21107560,17808230,19565463,17833062,20217635,19458265,24800782,26016970,22952428,22118004,17072515,21427797,20562247,16783771,19334996,16963480,18956694,21459871,26098320,24001906,23975364,23587976,16723704,21726344,18579709,16063971,21151142,15304451,18604994,22391081,26068019,26005664,23607687,20641271,18754521,20077356,20422443,16636420,19752810,18170505,18943677,21564764,24188196,27435434,26005269,21570342,18003136,19176141,20504707,17440486,19506419,16261334,18288412,19333434,23048262,25101556,22466039,20390473,18479206,18660126,20075477,17741159,17729198,17553590,17863145,20343953,25560435,25547243,23016128,21974124,18143800
CO,4477792,4050375,4224415,3991430,4058935,4539747,5108388,5024198,4570759,4267307,4185286,4419155,4534793,4146556,4191373,4004329,4080200,4422644,5182136,5289802,4656579,4237235,4184622,4528015,4416163,4145577,4137080,3963762,4214936,4783529,5342827,5195882,4634892,4253635,4165225,4431789,4526983.2,4093806.6,4214035.9,4058095,4223287.5,4624777.1,5073374.2,5093161.1,4592972.6,4215150,4165871.2,4560134.7,4522394.1,4068516.3,4236384.6,4047689.4,4246868.7,4429290.5,5114138.7,4959156.7,4598117.5,4308854.8,4309047.2,4556062.5,4595901.7,4089682,4272088.3,4025873.7,4170913.7,4536350,5018622.9,5252299.6,4773095.3,4462138.6,4308192.5,4610887.7,4654878,4196043.6,4287646.6,4012891.1,4246153.7,4783425.8,5406921.3,5258299.9,4668659,4341970.6,4223862.3,4721285.2,4627103.8,4062869.6,4356699,4085521.3,4319691.4,4773531.5,5420740.1,5247783.9,4786561.1,4320926.8,4193398.4,4635359.3,4646728.6,4212707.6,4445079.5,4139018.7,4470545.8,4985716,5550188.5,5500231.3,4901667.9,4469044.4,4436616.6,4692935.1,4731517.7,4256602.1,4565286.3,4184122.6,4408913.8,4593515.3,5479725.5,5672632.9,4895746.1,4565625.7,4416771.5,4750363.6,4706332.7,4382150.3,4429543.5,3972532,4417230.5,4760235.5,5526283.4,5567124,4784252.3,4526367.3,4266646.8,4711565.7,4643652.9,4294839.9,4457212.1,4236407.6,4426350.4,4976110.1,5625176,5609946.1,4919773.4,4409139.7,4231005.2,4521595.7,4714557,4303770.7,4575246.2,4259490.8,4345097.9,4889401.8,5687394.6,5598633.3,4816997,4351753.9,4358594,4862103.8,4767337.1,4253191.5,4579803.6,4225672.4,4324315.3,4415467.6,5380662.3,5655418.2,4772789.6,4384842.6,4096569.6,4709749.2,4837968.4,4309708,4494494.1,4106947.7,4342315.2,5006501.2,5572185.8,5750045.4,4905763.4,4468044.9,4377112.4
CT,2848006,2466530,2442711,2240761,2130521,2577600,2957329,3010478,2685624,2236197,2214435,2581575,2780309,2390927,2436332,2260627,2300770,2502915,2893149,2995189,2518712,2240715,2153066,2386284,2616524,2415610,2355589,2128348,2183970,2397054,2968009,3037225,2591456,2148332,2198796,2451424,2635479.5,2560131,2383805.6,2340505.3,2138690.1,2436415.4,3086003.6,2832045.8,2505320,2136395.5,2165826.1,2603898.2,2785959.8,2635436.4,2472284.3,2227612.6,2182974.1,2294336.3,2754110.3,2643901.7,2505926.3,2108253.2,2221734.1,2521930.9,2676484.8,2681912.2,2553949.1,2303637.2,2040457.3,2375315.5,2756021.1,2828455.6,2702934.3,2174695.1,2071611.3,2310681.6,2552683,2374062.2,2301292.2,2180415,2019629.1,2446161.9,2736036.4,3044422.7,2695886.1,2094293.6,2079390.6,2406814.4,2544146.5,2249811.2,2269412.2,2193278.4,2007512.4,2353943.1,2718502.2,2662946.2,2291301.2,2133746.3,2183975.9,2526954.5,2708292.7,2188120.7,2264184.9,2087635.4,2189699.7,2261937.8,2980471.7,2982756.2,2358166.4,2182420.4,2211484.4,2418754.6,2587306.2,2234404.3,2307977.3,1978505.3,2020995,2244381.2,3040746.3,2635856.7,2134389.3,2054953,2138181.2,2522300.2,2378922.7,2174214.2,2092072.1,1845311.5,1904142,2428929.4,3022023,2664817.5,2203680.6,2000055.2,2013664.5,2385840.3,2476113.9,2284375.2,2165249.1,1922726.9,2012432.2,2569231.8,2521692.7,2973433.7,2358788.5,2042299.6,2095337.2,2315925.3,2615260.7,2219159.5,2199924.2,1927369.5,2123741.2,2300230.3,2918753.3,2870314.8,2153242,2021747.4,2047534.5,2369868.6,2276369.3,2095594,2143427.8,1902098.2,1986542.4,2107125.1,3002867.2,2506475.9,2261476.7,2024205.1,2090569.5,2288424.9,2462889.9,2183912.8,2088614.8,1927929.5,2059991.7,2462383.3,2941436.7,2667781.8,2109367.1,1997478.6,2015698.1
DC,988240,902386,857927,828632,976421,1172022,1210508,1167163,1003115,881639,872747,1016196,1018592,856933,889619,833601,960566,1083309,1250834,1084951,949696,880711,847939,905303,935886,840332,834380,815946,957079,999646,1215845,1129953,925440,848676,874400,881263,816825.08,846771.51,977339.69,791106.16,888582.5,1015794.4,1171247.4,1105450.8,881573.24,857452.7,817319.04,916056.42,1004906.8,880823.42,925409.22,856458.12,891017.42,980342.26,1109979.8,994102.81,919070.87,872626.77,852574.57,906276.95,1016479.2,955882.39,914322.12,842360.61,902986.82,1028908.7,1124119.8,1072496.4,980353.01,772768.53,830611.73,849943.71,976365.72,994843.9,921185.59,768957.65,842716.24,1040402.4,1131170,1147913.2,991060.59,875109.06,815759.62,888519.19,925740.02,800511.24,869134.34,802458.34,850457.63,992862.56,1112503.8,1033960.4,917876.99,879528.87,822826.16,908585.69,992544.91,827954.49,951752.91,824761.48,883468.96,961764.04,1109122.4,1095617.8,987888.05,923625.23,896967.07,902442.73,954313.5,828365.91,899856.38,784755.81,922115.39,942335.21,1136762.8,1086734.6,958881.43,845067.23,810405.75,858809.03,906224.69,815968.12,747481.37,712083.82,763524.57,741827.46,1015128.4,925385.69,824767.47,735846.35,753119.46,844417.6,865475.63,763636.6,748928.2,687942.15,804259.98,877855.19,1048078.1,1038118,821756.37,787454.38,816778.51,823088.85,925431.91,805940.12,813093.3,700047.64,802958.68,923692.91,1041513.5,989541.32,879774.56,778251.52,765986.88,815301.71,841809.04,775299.43,753681.34,745250.57,710488.04,830245.12,994999.44,962335.05,970923.71,757244.3,765390.52,772047.47,879215.51,769696.3,813669.67,702329.81,773766.27,901105.27,1049125.9,1033729.2,853033.66,718912.88,689180.54
DE,1089421,969737,964060,824124,791987,935973,1214292,1163942,1067664,853308,786379,945045,1097708,986394,902055,846219,790818,979222,1119814,1164399,1029890,858273,823065,885439,990197,918388,885713,816529,884008,996096,1283959,1210590,863422,829672,933076,907681,1089393.3,1014012.8,851827.96,841219.29,873267.11,951680.72,1150762.9,1040930.1,920170.72,823180.39,842791.38,948619.32,1071153.4,994180.95,981935.91,853332.62,824464.11,944381.06,1090804,1000774,930823.75,852224.42,857932.9,936469.8,1141740.5,1049876.8,1003418.7,832697.4,829555.24,957796.98,1099359.6,1078044.2,958443.2,876972.74,850357.54,819942.01,993889.96,955760.6,862367.31,769350.63,835844.33,944087.29,1120211.6,1196495.3,1009319.3,848664.48,810304.74,912142.49,983830.8,861381.76,900393.75,812977.96,817739.63,939694.54,1119850.9,1061533,1000172.8,845160.63,826994.63,958872.73,1087850,909854.91,957298.34,896395.77,874609.47,957406.04,1152745.6,1167213.7,1024045.2,919860.24,878131.43,947689.36,1031679,939332.41,939633.38,804475.82,842433.55,967419.05,1170339.4,1150995.5,994135.17,822973.68,844967.14,961037.98,963572.34,895116.57,867939.57,800555.69,806097.1,945982.6,1189166.3,1169642.2,917244.85,826420.21,800336.64,946976.88,990346.81,946269.37,900241.47,802787.75,842088.83,1034490.5,1180763,1168274,985779.88,842723.66,843270.56,942619.26,1075022.9,993762.18,922140.27,785409.07,842761.93,988656.38,1158632.9,1185669.1,989431.41,811644.41,798574.7,987565.71,955723.41,876666.88,933360.63,767308.56,761242.37,999845.68,1132854.8,1128572.4,1021892.9,832903.45,761785.47,909514.53,978908.62,925600.98,943870.33,776070.01,815881.57,1045442.1,1197331.5,1137651.2,960613.56,778443.41,767001.85
FL,20264386,17291428,16645139,15364190,17944269,21765521,23137527,23294299,22240188,18640744,16657685,17964239,18842683,16110024,15229219,17019781,18563604,21422245,22144840,23198993,22174876,18434331,15851519,16098308,16566405,15479907,16484385,16692970,18822030,20403854,22261959,22575319,20777403,18815238,15693093,16101770,16644218,15478346,16025933,16846851,18025634,20597429,21441974,22420966,21101636,19338705,16772595,17225228,17763952,17015856,16431378,16723659,18744330,20309586,22198929,23331252,21447815,19033749,16276351,16801254,17494189,16135021,17917657,18292153,19508210,21677953,23252298,23350949,22080728,19598748,18456190,17835302,17533274,16440859,17044754,17144992,19508973,22113033,24776310,24223905,22543991,19874809,17010145,17506776,17204722,15619125,16621053,17811623,20282763,21350343,23688956,23954098,21540483,20302027,17437443,17341913,19066049,16772203,17032600,17432735,18880736,21884267,23769630,23736951,23274372,21344875,18239715,17558955,17550539,16527130,17346902,17847810,20583784,22634621,23879286,23901989,23358240,21596574,17831261,17289818,17553517,16678799,18071126,18600773,19310720,22229862,24655639,24982873,22955281,21040061,18496541,17864979,17939594,17135121,17989946,18002298,20358424,22220705,23857146,24617014,23143470,21325132,16615545,18357687,18138523,17215899,18739978,18462795,21317429,23518810,25598375,25801877,23226355,19758450,18222749,18819563,18434148,16894874,18684092,19226162,20637933,22800173,26060644,26988643,24507577,20990952,17945046,17769969,18863511,17035724,17932379,18203630,22838854,24477570,26549492,26336585,24602827,21184251,18897459
GA,12804669,11149498,10597062,9473469,10672320,12898123,14430848,14565852,12763722,10218600,9389571,11707846,12600370,10566308,9831030,9671611,10772709,12894687,14121240,14330601,12100307,9849979,9303873,10328434,10883477,9841290,9819561,9559928,10970500,11840230,13643853,13150203,11517321,9916712,9630283,10205514,10814788,10006179,10411070,9408315.4,10094741,11727038,12579738,12871425,11661480,10243289,9888649.2,10790757,12826598,10819446,10381638,9536742.8,10590890,12022403,13020595,13213695,12054488,10424042,10219405,10679991,12027013,11303186,10493110,9566493.3,10704469,12374874,13997765,13721677,11781100,10254480,9594727.3,10059321,11821920,10850774,10096476,9592429.9,10632935,12597890,14330579,14294557,12842321,10677654,9679365.5,10695336,11019918,9334948.1,10033886,9947761.4,10704351,11966061,13559320,13486777,11628828,10862313,9881036.6,11031420,13042166,10129864,10113216,9544656,11102693,12855776,13751253,13638309,13160944,11122642,10345126,11059427,11830876,10065343,10335567,9785069.5,11691412,12274437,13918382,14056958,13314648,11155438,10150244,10722618,11215997,10389300,10001748,8897642.9,10010751,11701781,14170996,13656160,11816431,10389551,9696910.7,11522873,11893637,10765371,10418330,9741461.9,10677288,12314575,13649781,13992213,12073475,10860225,10390619,10586975,12613604,10910406,10643141,10132884,11924296,13775538,14928734,14367542,12368787,10639519,10495414,12235339,11689794,10239958,10698636,10087922,11105800,12380190,14879308,15072379,12911413,10854068,10586928,11522435,13221448,11285257,10668780,10659053,12103284,14087144,15286520,15341803,12588711,11677297,10824984
HI,834491,730950,812456,800370,849006,832070,870777,889702,850715,877764,828629,839580,837795,770446,849403,817162,852355,801904,852095,866779,841198,859848,806885,805783,814037,752743,790640,767933,806598,787838,821782,854107,797481,844274,789993,811731,779292.17,689507.47,757174.54,767260.05,806556.16,780311.44,836721.2,846694.14,808009.96,837249.7,784377.29,810009.89,765053.19,724364.15,756228.02,743329.71,794858.96,772581.19,833278.8,851397.32,834093.57,858407.64,775980.98,765878.48,735249.61,693940.84,738996.84,751835.87,756768.94,771921.26,858676.41,896375.77,865894,831415.84,817455.16,792821.47,761702.08,715625,742834.62,751062.27,782536.17,774272.44,834870.44,873924.12,825372.55,835876.95,758938.67,788373.68,742143.82,672976.63,769463.69,747973.2,784113.69,779460.51,835287.63,858328.24,822051.42,829959.38,755128.56,727314.23,746621.62,679845.52,735123.39,755904.79,754781.83,781816.49,836750.82,857346.93,810257.5,851191.4,776631.54,750889.16,755029.05,626334.03,695016.46,719866.26,771628.59,808451.32,864844.78,888366.77,860165.16,859621.58,803567.72,799995.3,770775.99,674498.61,725432.12,621833.54,683515.7,732892.77,758443.11,773079.04,746896.77,797993.12,758084.72,753315.51,725309.55,624712.54,704368.84,691566.35,753356.32,755199,802983.21,817318.41,759987.03,783374.64,761331.86,756974.25,727447.54,653323.06,733935.3,713664.59,751785.7,740193.4,789580.55,810462.22,799282.86,816221.95,755968.6,747249.24,730108.9,648463.11,715142.03,716663.63,728061.79,726768.8,784606.67,793603.47,772026.88,797404.38,762865.43,751536.93,715698.36,660764.95,691678.92,684441.15,732387.22,739275.21,778636.09,810449.28,807451.85,804298.87,768449.58
IA,4100049,3683887,3593145,3426368,3539810,3894519,4133424,4412910,3534999,3480055,3584244,4061859,4150406,3706093,3763230,3417020,3541286,3814393,4479845,4203282,3531268,3482996,3536508,4028549,3926876,3758897,3638344,3330865,3631604,3990363,4659492,4166990,3624460,3556530,3565907,3858771,4132983.9,3772028.2,3849118.2,3564176.1,3684171,3750013.4,4155615.6,4307193.3,3740129.8,3673757.7,3851585.3,4224443.5,4396360.8,4089254.4,3917026.7,3638656.8,3730390.5,3921374,4047825.5,4187004.4,3691147.4,3677060.9,3818763.6,4086988.1,4321522,3984756.6,3890707.9,3509815.3,3650562.5,3947941.3,4297717.7,4262124.7,3941579.4,3650843.4,3663000,4026722.1,4275223,3933200.1,3899309.6,3583758.4,3673404.2,4209324.3,4375153.7,4560898.1,3930723.5,3774984.2,3804250.5,4410963.4,4384463.1,3818551.4,4035965.1,3621142.4,3772687,4266238.9,4596124.6,4239267.2,3955735.7,3975844.4,3934076.9,4321900.3,4624566.1,4149167.2,4144871.6,3976693.9,3977894.4,4485326.4,4536562.5,4743639,4077588.7,3965995.1,4161158.4,4370496.6,4624257.5,4262842.5,4373132.5,3838008.4,3861869.7,4114912.3,4759704.5,4479861.6,4191017.1,4009539.6,4133614.2,4394388.3,4547680.2,4327440.5,4066194.1,3718950.3,3732534.7,4323091.8,4764899.8,4627915.9,4041533.3,4043751.4,4010089.1,4435781.1,4558408.6,4454781.9,4302405.8,3919643,4015893.2,4647256.1,4882538.9,4945255.7,4296932.1,4212222.9,4156420.2,4501510.7,4919271.4,4420389.6,4498262.8,4067513.8,4304980.3,4551310.6,5018540.4,4875184.9,4340660.7,4075153.5,4311294.2,4821392.8,4882696.9,4358374.7,4586177.1,4102658,4333169.7,4583770.9,4835965.7,5118810.3,4369869.2,4366150.7,4196768.8,4665847.1,4934791.6,4334886.1,4365629.6,4240693,4314978.5,4694257.7,4923867.7,5017759.8,4514403.3,4364205.8,4359970.3
ID,1999865,1745053,1739050,1684445,1746510,1907318,2426493,2257499,1863659,1648965,1766455,2012357,2063171,1863554,1820505,1664214,1675605,1886871,2481278,2354418,1919970,1686671,1823936,2031531,2019264,1818687,1760303,1666584,1935327,2203558,2539825,2467553,1910543,1757688,1703974,1928553,2222899,1810560.3,1780364.1,1719202.1,2014685.5,2291677.4,2623380.6,2371670.8,1826721.5,1714257.4,1719285.8,2113351.6,2064373.7,1768621.5,1714218.7,1702592.4,1906267.4,2289845.5,2541172.7,2152994.9,1781885.7,1646116.7,1757307.3,1907887.6,1961137.2,1677143.7,1675211.4,1789694.2,1805254.7,2324519.6,2419386,2261500.7,1833358.2,1617849.7,1717993.4,1975765.3,1991024.5,1732621.5,1665676.6,1604154.3,1773961.1,2309558.9,2458948,2382865.9,1767171.6,1630994.1,1631059.7,2114924.8,2229104.1,1764236.4,1745481.8,1602914.8,1868732.4,2202612.2,2678662.3,2402850.5,1847276.7,1692533.6,1719559.2,2039825.9,1972946.4,1756369.5,1793568.6,1688380.2,1916254.8,2218610.6,2673688.6,2365280.6,1862979.9,1661481.4,1782005.3,2061942.2,2039594.8,1861850,1838688.3,1683733.6,1844558.5,2173470.1,2581259.3,2463841,1869076.4,1782122.6,1788556.1,2058524.3,2036800.7,1899487.7,1783165.8,1729814.5,1950230.8,2215274.2,2579322.3,2510527.2,1969803,1778508.9,1844845.7,2163571.2,2095489.8,1899245.9,1846089,1856211.4,2047615.1,2679488.7,2867049.2,2407558.6,1920428.8,1715859.8,1806142.8,2144437,2294820.2,2017936.3,1957505.1,1872631.8,2014143.1,2251756.3,2893655.7,2653681.7,2125100.1,1788447.2,2005535.9,2325917.7,2263321.3,2052896.4,2098873.8,1875459.1,2002889.8,2218063.5,2859407.8,2494406.3,1973476.2,1801944,1890511.3,2142727.6,2303285.7,2007594.9,1991049.5,1849335.3,2058742.4,2466391.5,2940551.1,2562568.2,2104065.7,1897467.4,1963649.9
IL,13040239,11758332,10816710,10221082,10869941,12512370,14809333,14971823,11941748,10746745,10567641,12504709,12941695,11594099,11295406,10403395,10661657,12154984,14759220,14172569,11767513,10700214,10712244,11722572,12249326,11279115,10960108,10101287,11131980,12880287,15636182,14063905,11948402,10921933,10692070,11675410,12353346,11454436,11604416,10794885,10976734,11688135,13506807,13339394,11673140,11003075,10953971,12456550,13272311,12026581,11887273,10210866,10983539,12223612,12660737,13288046,11169100,10611087,11335926,11871208,12511987,11732627,11741335,9929053.5,10746185,11745525,13313966,13106255,11973870,10372544,10323982,11122641,12101199,11098342,10771418,10127044,10579398,12540032,14122337,14495180,12196946,10672985,10159543,12185983,12089073,10310946,10873023,9757390.1,10386245,12258144,13693718,12576342,11887440,10735313,10641392,11987284,12625108,10975778,11025287,10261950,11461798,12894789,13938274,14012496,11904778,10823034,10955872,11775644,12357599,11085424,11325109,9812053.7,10383729,11361270,14338887,13034371,11794838,10565685,10830321,11430194,11583328,11087869,10412077,9080240.5,9676699,11759539,14143895,13199727,10573982,9955016.8,9748157.7,11248746,11564404,11244242,10395072,9391618,10123052,12446820,13256994,13959618,11511224,10412441,10343555,11039793,12336749,10884071,10684886,9693085,10740038,12345654,13408362,13100049,11147591,9856187.7,10072749,11602160,11419140,10107033,10581470,9433256.8,9960952.4,11235241,13029186,12954258,10994458,10084477,10001743,10777001,12022325,10074686,10455678,9507306.7,10295213,12344684,13007451,12849960,11201851,10058193,9953482.2
IN,9649413,8746937,8465645,7536290,8252630,9121925,10214457,10236823,8535985,7914460,7935809,9384002,9782571,8635891,8893195,7581303,8271642,8934614,10504000,9959885,8405374,8125037,7934607,8790020,9365894,8482838,8311102,7669655,8752015,9195536,10644457,9766472,8264052,8013425,8121829,8586148,9503900.3,8668688.1,9084153.2,7888928.6,8352599.2,8698240.1,9493019.7,9608147.8,8553941.3,8176087.9,8139959.1,9319723.7,10151406,9244670.4,9100916.5,7856040.7,8287573.4,9110926.2,9290614.6,9451860.5,8692348.7,8182502.5,8450042.1,9123602.8,9759972,9038262.6,9076887.2,7602882.1,8326228.9,8856360.6,9657729.6,9524588.3,8757705.4,7946294.9,7612424.2,8355182.1,9208193.6,8829378.8,8267116.6,7496912.1,7889588.9,8893278,9847603.4,10302742,8782229,7769856,7615522.1,8802400.4,8821843.9,7510279.7,8156447.4,7241676.5,7852793.7,8606019.2,9484902.3,9120624.7,8226810.7,7711767.6,7727262.7,8505539.7,9376918.3,8213072.3,8384449.4,7740564.9,8446532.7,8905298.8,9703124.9,9835006.1,8760631.9,8185739.3,8042321,8623343.6,9110368.9,8351417.7,8605407.5,7534710.8,7838933.9,8310648.8,9850108.8,9663061.5,8788269,7925760.3,7866108.1,8259407.9,8409412.5,8482089.3,7941284.6,6544253.7,6985776.3,8227580.6,9547974.4,9237584.7,8103915.8,7848707.1,7549254.6,8277910.4,8623407.6,8490812.4,7916359.6,7327325.2,7781618.8,8654222.3,9300612.4,9803720.8,8414688.9,7729049.5,7710594.4,7987634.2,8971155.6,8376694.9,8092666.4,7456010.7,7935503.3,8778960.4,9461791,9712518.5,8280511,7201701.2,7376830.3,8400021.6,8319049.4,7700986.4,7934517.2,7084830.5,7513650.2,8027324,9301700.7,9009275.6,8250946.4,7436374.4,7608710.3,7807985.2,8722023.7,7857845,7784204.8,7223830.2,7922654.4,8771401.3,9365396.9,9815793.4,8419829.4,7435708.1,7438011.7
KS,3610636,2991842,2978921,2742572,3038553,3848859,4234490,4373301,3559715,2941602,2834543,3265639,3423634,3199673,3003544,2832377,3070642,3858223,4557839,4350523,3431318,2944832,2860857,3226938,3257143,2949618,2917175,2874606,3316475,3848111,4557096,4079544,3400998,2978461,2922362,3191887,3317409.6,2948410.6,3093368.7,2820368.1,3043796.4,3577515.5,3998894.3,3945577,3617904.2,3082237.5,3002358.5,3399556.7,3600383.4,3262516.8,3165653.6,2805116.2,3176260.4,3647686.5,3975902.1,4085259.7,3560920.3,2991722.3,3017578.3,3272606.5,3438320.2,3187985,3031813.5,2737529.8,2973794,3729332.6,4099634.9,4031316.3,3686731.7,2972641.8,2857310.2,3102717.1,3449518.4,3062160.3,2847082,2800795.1,3064359,3959786.4,4287717.6,4251261.1,3683171.8,3105594.3,2956025.4,3342702.5,3390599.1,2827557.8,2970278.6,2895330.5,3143528.8,3673657.1,4345999.6,3984271.3,3610918.2,3166574.2,2978906.5,3300165.3,3589628.3,3111912.2,3061031.8,2974611.4,3512486.7,3958736.3,4349073.6,4250948,3632561.7,3223022.3,3125511.2,3254479.6,3425714.1,3280856.9,3142612.4,2876000.9,3136869.4,3576036.5,4161331.1,4204578.5,3901844,3208021.1,3023729.1,3222034,3309326.9,3113163.2,2927189.4,2692592.3,2764637,3684244.8,4229568.3,4079527.8,3447734.8,3104193.7,2874389.3,3257378.5,3277730.2,3367023.4,2939579.8,2720342.2,3018380,3715825.1,4067276.6,4286055.5,3822394.6,3188173.9,2987714.8,3101290,3430922.6,3190988.3,3117580.5,2927103.8,3328219.4,3871983.1,4373491.3,4389492.6,3765320.2,3126902.5,3061800.1,3377260.7,3595316,2903433.8,3038736.9,2876495.2,3234551.2,3729071,4234499.9,4372416.1,3784199.1,3101536.4,3052902.7,3128849.8,3610400.9,2998821.9,2962143.6,2874689.5,3299552.4,4036752.6,4231848,4299652.6,3546108.6,3147148.1,2972040.5
KY,8775745,8390868,7905498,7079638,7312963,7618355,8229996,8263170,7496856,6885849,6896273,8714215,8762907,7521784,7489866,6764859,6523652,7206307,8188193,8088387,7271842,7054490,7036051,7630002,8021766,7465639,7297659,6863107,7394482,7265412,8247890,7955907,7165574,6920347,6986478,7464228,8165995.3,7434496.9,7818568.2,6994964.6,6934680.6,7115473.3,7464987.9,7582421.4,6609187.7,5967090.6,5982054.3,6693921.1,7762820,6941228.9,6603257.8,5643993,6076470.7,6682100.8,6916838.7,6994504.4,6406675.2,5903789.1,6217529.8,6689715.7,7190167.5,7010608.1,6586495.1,5649249.7,6077362.3,6584830.9,7059420.6,6893966,6352483.3,5592191.9,5322841.6,5719013,6740712.5,6323255.2,5747876.6,5397023.2,5561833.4,6360638.6,7031589.2,7347447.6,6539599.6,5689680.6,5480817.9,6333100.6,6470712.9,5549147.5,5837142,5340698.8,5789360.9,6214958.8,7009345.6,6817324.6,5964579.1,5643791.2,5624880.9,6372444.9,7314942.4,5950440,6091511.3,5532539.9,6102360.8,6401613.1,7006026.4,7191210.3,6491235.4,6065851.8,5980969.5,6481935.3,6808746.6,6023689.5,6261990.7,5481037.7,5931883.9,6196979.2,7220402.4,7101776.4,6605619,5738748.1,5808428.5,6166080.1,6332023.3,6132858.6,5745696.2,5046617,5298121.7,6099722.4,7148498.4,6781201,6025495,5430026.6,5364656.8,6395482.1,6708974.7,6401562.7,5839964.8,5381810.9,5621862.3,6423339.4,6998021.4,7248838.1,6277007.4,5719048.5,5833975.3,6062580.6,7074070.2,6455254.3,6101644.8,5644321.4,6009498.2,6647834.6,7286343,7018170.4,6062134.3,5354060.9,5429462.7,6255947.2,6335630.4,5632960.7,5721622,5251832.1,5448993.7,5969824.7,6849089.9,6918223.3,6087746.1,5539377.5,5525537.1,5942183.4,6976123.9,6024617.1,5734408.7,5453299.8,5872762.9,6519151.7,7195682.2,7110333.6,6179184.7,5625893,5410946.7
LA,7228383,6608239,6246340,5814212,6365683,7856828,8386247,8505369,8151912,7149785,6237773,6528921,7174346,7013207,6093401,6236365,6648093,7861275,8653956,8777981,8276456,6966180,6138681,6529141,6863383,6315423,6283653,6365646,6774957,7982952,8405442,8433323,7741647,6874715,6332498,6357105,7141224.3,6462258.4,6314693.2,6224630.5,6406309,7732631.1,8263733.9,8344418,8322993.7,7300045,6364871.9,6930123.2,7870599.6,7670186,6728787.2,6486643.6,6778656.1,7821676.3,8538900.4,8748482.4,8507104.4,7566763.4,6906840.5,7003676.1,7672253,7312293.8,7027178.1,6481992.4,6925545.2,8003734.6,8938180.8,9480923.7,8674516.3,7456724.8,6801247.8,6901898.6,7510963.7,7122618.6,6633101.4,6647531.8,6903363.2,8126702.6,9094654.8,9027324.1,8675283.4,7930461.5,7007145.6,6773508.4,7463469.3,6541057.2,6576569.2,6977168.8,7241629.9,8054439.4,8739393.8,8835813.8,8430001.8,7933959.6,7068290.3,7344141.8,8404277.5,7263615.1,6562506.4,6717035,7335694.8,8676303,9072852.4,9080399.2,8879012.4,8084299.7,6880400.9,7229675.7,7680693.4,7168832.6,6822070.4,6736723.3,7016926.5,8431315.9,9037159.3,9042988.8,9048587.6,8137910,6962723.4,7042593.9,7382664.8,7068940,6838756.5,6868703.2,6769045.3,7947183,8607696.8,8705250.1,8174253.9,6997023.9,6620024.9,7147142.6,7664877.9,7203739.5,6960760.9,6822435.9,7069891.4,8083108.8,8715618.1,9096543.3,7896165.5,7094273,6983173.7,7228758.1,7926838.4,7587245.1,6870337,6789848.8,7768747.5,9058119.5,9410510.3,9159880,8447884,7721520.5,6906570.8,7491496.2,7697784.2,7101666.8,6927446.1,6935643.6,7384329.4,8488609.6,9583582,9986650.1,9400205.9,7932773.6,6861411.4,7074354.4,7749337.4,6974356.1,6329253.8,6698907.8,7834663.8,8802510.4,9395622,9558856.6,9041208.5,7881230.9,7471699.6
MA,4923503,4782704,4563821,4073514,4386483,4888577,5601904,5294382,4980817,4432234,4373834,4821651,4923422,4655802,4627572,4333735,4075086,4603475,5396811,5096565,4784306,4322688,4186301,4564151,4815274,4412652,4388854,4115849,4139922,4582843,5393623,5534937,4730625,4251082,4294884,4652778,4898939,4577240.3,4574558.3,4135264.3,4102830,4562440.7,5684134,4997799.5,4690434.3,4179427.5,4195739,4666267.1,5018436.7,4729544.5,4656910.3,4105683,4051631.8,4361261.8,5131748.8,4839415.1,4659497.8,4206379.9,4226192.8,4482589.5,4888493.5,4798457.5,4636708.3,4149417,4072929.6,4410781.6,5034312.6,5208527.9,4865884.2,4235611.5,4011862.6,4308101.9,4661840.9,4331433.1,4296435,3933890.4,3916010.3,4379648.3,5077169.2,5537656.9,4837843.6,4143748,3971090.7,4389121.6,4539761.2,4091528.2,4436888.5,3895829.5,3954990.3,4437878.9,5124205.2,4971094.3,4338244.8,4019924.9,4077861.5,4625113.8,4845497.2,4211855.5,4116468.7,3924574.8,3912131.7,4298544.9,5153083.4,5494475.2,4706310.7,4109666.8,4100580.9,4411839.4,4688811.9,4203370.8,4193310.6,3835812,3800430,4044759.6,5123382.1,5038737.7,4144158.3,3912878.5,3971216.1,4379730.6,4440134.5,4157829.9,3928192.1,3590055.9,3609596.6,3949492.8,5037856.6,5196301.4,4318927.7,3795462.3,3732422.3,4253069.1,4490218.5,4231591.9,4005515.2,3721451.4,3667648.5,4486888.1,4769086.3,5027784.1,4613432.1,3862003,3909236,4013533,4442022.5,4271692.5,4092787.7,3972757.1,3877592.2,4040900.6,4911311.8,5075298.5,4479092.8,3881124.7,3775164.5,4163695.2,4379152.5,4105902.2,4068237,3591957.9,3683066.1,4013955.8,4997713.7,4899933.7,4519582.9,3896039,3839333.6,4017089.5,4520168.8,4229751.6,4128278,3811202.3,3812252.2,4070486.9,4623561.6,4380136.6,3932093.9,3832567.7,3782906.8
MD,6128757,5489973,5056547,4458335,4884561,5928451,6676731,6350964,5341101,4541200,4561044,5917834,6247406,5155310,5022748,4519328,4786894,5692683,6659572,6098191,5191751,4524914,4558511,5142403,5588359,5061549,4708475,4368933,4757394,5418546,6517657,6089269,5045543,4452722,4672407,5132700,5745344,5169554.3,5167745.1,4321895.4,4684408.7,5372324.9,6259415.9,5608855.4,4821494.5,4489652.5,4684393,5574394.3,6278410.8,5289853,5376795.8,4413568,4611396.9,5330855.2,5804929.1,5409938.3,4818060.3,4306528.5,4769572.7,5273960.6,6089868.1,5938060.2,5312996.4,4251807.1,4856576.7,5155159.7,5973340.1,5743723.3,4932730.4,4315878.7,4528180.4,4683398,5703886.7,5279329.6,4797060.9,4161318.3,4408677.1,5139422.2,6241845.6,6378318.6,5207028.9,4320571.7,4392325.7,5324125.8,5360145.6,4574845.8,4930942.3,4134347.5,4367645.3,5270823.8,6117771.5,5473935.1,4736991.6,4348252.2,4496062.1,5492122.3,6216545.9,4738649.7,5231411.2,4334218.2,4684429.9,5087626.7,5963825.1,6024584.3,5161606.3,4586007.6,4757125,5300425.1,5796250.3,4994966.5,5032929.6,4055931.5,4626879.3,5048220.1,6281070.9,5820924.1,5009211.2,4184163.1,4615898,5254213.5,5234705.3,4768051.7,4366004,3973692.5,4121815.9,4929338.7,6347383.4,5760722.8,4599762.8,4022864.5,4176223.3,5328475.3,5523501.3,5132955.1,4611308,3943615.4,4282458.6,5326422.1,5980915.7,5989128.6,4816125.9,4211422,4529518.5,4956603,5984337.2,4920193.1,4659453.6,4028441.3,4472532.6,5051800.8,5989542.9,5857009.9,4682669.6,4150140.7,4403083.3,5483514.1,5074960.6,4548968.4,4709122.1,4009814.3,4098996.6,4552021.8,5890704.1,5638589.1,4999702.7,4130129.8,4452635.4,4927440.2,5588249,4799146.6,4512361.5,4049523.1,4456056.5,5353804.8,6247839.3,5716692.4,4434742.5,4092802,4192819
ME,1017191,898508,941914,856563,904246,879577,1070370,1055622,973243,977453,926257,1030622,1017971,902997,954229,900335,897060,992201,1030593,1017606,932952,915696,878643,975062,1016653,916235,927045,854250,879371,1073319,1032684,1058836,892959,991827,921226,996653,1042939.3,926789.42,960016.5,904309.53,903177.12,1078985.6,1066706.1,1013186.3,913705.92,1008026.4,959924.38,1077280.5,1120638.7,972864.25,1046221.6,941860.35,915389.8,926393.88,1063790.4,1049217.9,961151.16,980095.72,987617.64,1037419.6,1080003.1,1015176.5,951014.31,987463.46,853445.93,947192.19,1018228.8,1068398.8,1045256.5,1023478.7,840802.67,1057707.2,1000237.8,947553.89,1002988.7,901132.17,883821.99,899295.05,939820.97,1086403.4,1010619.8,886406.37,856268.41,1034402.4,1068173.7,870538.62,1021996.2,870143.51,870383.14,927261.73,945596.87,950322.1,976379.36,929249.65,865777.56,917851.58,1346624.6,993724.48,946633.34,971063.78,908373.62,962774.27,992088.4,1180146,1020811.2,1022997.2,1003180.3,1006401.9,1191118,961257.43,1073822.8,910003.48,962691.44,789302.16,1040127,1040075.8,869449.84,983031.21,899330.89,1011829.9,1078921.6,925680.58,992371.91,880313.59,807602.08,872059.32,1025036.7,1085968.7,945546.99,909204.52,837562.89,986471.16,1003548.2,955334.63,998574.18,966962.04,857372.74,964079.27,1005659.5,1017063.7,1035831.8,873777.11,848863.86,1057607,1163438.8,1083593.6,1086640.9,900901.36,867540.13,882269.25,963696.27,1140381.3,984170.32,863783.02,927172.14,1012120.9,1066952.4,1065381.5,1020739.9,898548.97,854656.78,853695.02,948083.71,984998.19,951267.5,875558.92,906571.4,909575.82,1013203.2,1025614.9,959113.8,944824.59,903395.38,880673.22,994509.7,1040750.3,955861.49,868603.78,844496.18
MI,8832476,8025787,8184398,7541365,8370852,8907617,10368366,10311612,7960881,8008227,8137753,8999885,9092427,8089925,8751420,7858010,8180730,8949604,10846247,9886881,8280337,8129043,8160900,8828035,8885628,8265023,8237896,7724563,8567663,9391476,11002234,9670490,8195175,8237593,8052241,8588210,8986322.3,8160818.2,8495444,7823228.2,8263458.8,8612724.1,9776717.4,9341352.6,8267270.7,8212656.2,8134220.7,8964091.8,9327522,8364670.5,8832707.8,7799972.6,8238554.6,8950182.6,9086283.9,9375813.1,8301332.5,8086983.6,8228515.3,8721559.5,9114207.6,8550234.8,8550305.2,7735066.4,8304096,8562493.6,9183827.6,9418918.4,8741540.9,7944925.9,7860963.6,8513341,8875979.1,8091579.6,8301894.3,7842921,8249319.2,9096764.9,10155683,10551690,8705771.6,8026417,7836685.1,8733108.8,8830297.5,7751251.7,8358962.1,7584757.6,8030933.1,8953755,9762647.6,9223980.7,8522145.9,8100292.6,7989801.4,8790267.7,9074547.4,8048647.9,8396459.7,7877710.8,8559797.5,9017400.3,10229794,10221371,8680023.7,8141329.6,8096428.6,8525985.5,8965801.3,7948778.2,8449235,7646740.4,7766600.5,8246392.2,10241372,9518818.4,8279228.4,7841784.5,7978438.5,8366103.3,8565982.2,8023054.7,7761694.2,6437425.6,6890408.3,8347684.5,10419695,9540755.9,7642917.6,7645687,7441310.7,8295290.4,8339081.9,7853289.6,7859754.4,7245525,7758755.7,9107468.9,9515997.8,10135906,8100773.3,7853964.7,7770555.1,8272208.3,8868917.1,7888386.5,8191708.9,7482413.1,7949190.5,8870183.9,9745962.2,9737008,8221653.6,7605817.2,7669157.5,8408863.7,8335368.1,7518838.5,8144880.6,7417220.8,7733801,8428011.7,9474016.4,9101154.2,7980250,7757679.8,7657780.8,8039688,8634748.5,7643813.3,7879295.6,7395996.8,7956196.5,8820827.9,9706468.9,9536748.1,8194694.7,7541623.7,7464257.2
MN,6069563,5318275,5520253,5006969,5318920,5608077,6374935,6573899,5330955,5222116,5374150,6081594,6210978,5628619,5820377,5177270,5262668,5585657,6562520,6285131,5476033,5314145,5388463,5820848,5931051,5536450,5508272,5063356,5308497,5787064,6793567,6167494,5363078,5299684,5401905,5828117,6143492.1,5544975.4,5740571.6,5288322.1,5257120.5,5490630.7,6297569.9,6264834.8,5649343,5351401.1,5476120.1,6139721.7,6352767.4,5750711.1,5906544.4,5256940.9,5284230.6,5574072.5,5965706.7,6213121.3,5460033.8,5357662.4,5490536.6,6107039.5,6190616,5600236.6,5722845.6,5166780.3,5062567.8,5361477.3,6099134.6,5915439,5501672.7,5188050.7,5107212.9,5663200.5,5966213.7,5451365.3,5376702.2,4884167.3,5063077.3,5586471.3,6192249.5,6272840.4,5402256.3,5226108.7,5138486.6,5986553.4,6123486.9,5276063.7,5633864.6,5048443.9,5216978.4,5659930.9,6211789.9,5808016.3,5565781.7,5202477.6,5415901.6,5989844.5,6194770.3,5512728.7,5726094.4,5231785.2,5471096,5889510.4,6302572.1,6297004.5,5489552.6,5272632.3,5421122.2,5920508.4,6133994.6,5509067.8,5880316.5,5089527.6,5135821.5,5348140.1,6153431.8,5864588,5343845.5,5279738,5377918,5849204.8,5977326.6,5470685.5,5498894.7,4700404.4,4499164.5,5241446.9,6069092.1,5925201.3,4933452.7,5002615.1,5052465.8,5683856.6,5704807.5,5437096.4,5466050,4907836.6,5115385.7,5955148.4,6293224.5,6236422.2,5273072.4,5196402.8,5221360.9,5782360.6,6110555.8,5475310.4,5666973.5,4997247.2,5140074.3,5515214.6,6183776.1,6030034.1,5384425.4,5031483.8,5209495,5890839.9,5908233.8,5265389.2,5623436,5012294.5,5151377,5796588.9,5939778.8,6201649.6,5375510.8,5149850.8,5170212.9,5621477.7,5853024.2,5212094.9,5304831.4,4830524.3,4997187.7,5246523.8,6008683.3,5832785.9,5386796.3,5085031,5046635.6
MO,8107616,7272615,6683765,5827344,6231450,7779519,8716903,8841112,6952311,6002566,6030216,7639700,8054369,7026762,6566916,5823739,6132823,7428190,9014825,8585097,6714126,5985596,6007107,6915291,7118835,6529984,6144436,5710630,6592391,7501053,9175711,8159175,6590473,5986648,6046330,6879694,7550557.1,6755506.7,7028445.6,6112369.6,6266604.5,7018082.1,7846803.1,7835624.2,7047360.1,6153686.9,6234217.5,7557699.8,8224669,7513448.9,6885141.9,5785475.9,6322415.6,7214617.3,7630064.4,7972560.6,6745524.9,5924378.3,6463887.2,7196212.9,7635596.4,7308227.3,6732929,5596500.4,6009369.4,7111579,8118319.4,7857041.2,6979877.7,5852072.8,5799382,6503186.5,7173949.3,6568867,5786325.6,5231839.1,5611891,7214105.8,7997751.6,8012389.9,6941076.3,5790790,5465431.2,6823639.3,6997733.9,5736617.1,5846813.9,5370988.2,5675321.8,6822792.5,8141860.5,7184684.8,6506090.6,5804258.8,5646102,6728154.9,7748670.5,6560147.6,6146315,5756965.3,6484118.3,7437295,8090818.2,7884480.1,6847173.9,6032844.1,6251084.7,6818114.2,7251734.5,6674054,6367973.1,5367202.4,5829122.7,6558196.7,7825339.9,7649186.1,7047319.5,5875849.6,5874415.4,6537381.2,6828602.3,6449193,5828928.5,5089179.7,5245710.9,6834835.7,8019986.8,7387035.2,6258056.3,5599496.7,5529585.9,6655101.1,7040375.5,7245674.1,5902208.8,5329076.5,5475874.9,6907259.3,7648514.5,7913332.5,6737526.1,5745643.5,5696086.8,6121468.6,7430684.2,6741421.2,6134191.6,5498122.2,6004444.2,7153602.3,8230428.8,7878220.4,6848097.8,5500098.2,5887253.5,6999695.5,7106523.6,5989668.8,6056070.3,5354919.4,5804414.3,6805756.8,7816349.1,7720074.2,6683672.1,5625059.7,5724724.5,6288566.3,7661089.1,6113914.4,5668602.4,5338802.1,5948024.5,7304464.8,7771631,7729326.1,6417367.5,5626383.4,5468787.2
MS,4387989,3933869,3807936,3418116,3626255,4439265,4967908,5058340,4753066,3944860,3452333,3897230,4351703,4012531,3564001,3504041,3699788,4505468,5003669,5074817,4644657,3803947,3424228,3748708,3989164,3681090,3659918,3550600,3846066,4349750,4837381,4862503,4453626,3885044,3572748,3699785,4066394,3710689.8,3747786.6,3569023.1,3647622.6,4255059.2,4701141.3,4768426.9,4632477.8,4092162.4,3600044.9,3991161.4,4395373.4,4347916.2,3831531.1,3533150.4,3640973,4151539.3,4630910.1,4680825,4697078.8,4048155.9,3656355.3,3794822.4,4156872.8,3870753.2,3952239.7,3458132.3,3562952.7,4195943.1,4885821.6,5047739.2,4525849.2,3952417.2,3493927.9,3588880.1,3995961.7,3896462.4,3586930.8,3416673.2,3693881.3,4249224.5,4968494.1,5007637.3,4717238.5,4169921.2,3596045.1,3751694,3974699.4,3490022.1,3530654.4,3533050.6,3769160.7,4166183.4,4713913.7,4792402.3,4375426.5,4040824.7,3624152.7,3818296.5,4583105.6,3926205.5,3584753.8,3475888.9,3788741.6,4586018.3,4948040.9,4920410.9,4745161.9,4261518.9,3657353.2,3912868.5,4055128.6,3707348.9,3636190.2,3438724.3,3733886.5,4333643.3,4752495.5,4822656.5,4791943.9,4265939.6,3614035.6,3799033.1,3847395.8,3678606.5,3626006.1,3308070.1,3345224.2,4028454.4,4612767.6,4735417,4439869.2,3731021.1,3364541.2,3764666.8,4093852.6,3845214.8,3755193.2,3412493.7,3613488.4,4146300.3,4679271.3,4825636.7,4492005.6,3938585.1,3551011,3662311.5,4029373.2,3881884.3,3704387.6,3463087.5,3862217.3,4547496,5021608.8,4908901.6,4386394.6,3880127.4,3487702,3806352.8,4026303.1,3602787.7,3510513.3,3369243.8,3602113.4,4239836.6,4930680.8,5212610.7,4823163.9,3905623.6,3515902.8,3682982.4,4193830.2,3806558.6,3416930.9,3322928.7,3868554.5,4427198,4916483.6,4945886.3,4527878.9,3959900.6,3536893
MT,1365824,1189119,1130371,1081996,1090515,1050775,1120002,1177801,1088454,1038113,1130100,1308381,1354273,1231225,1211134,1112906,1051982,1023281,1134303,1176437,1002476,1110733,1121216,1258116,1291708,1250259,1153292,1098109,1018796,1067719,1194955,1272303,1080186,1058103,1108781,1269173,1343730.6,1227841.1,1151787.1,1118606.2,1051254.6,1059448.7,1176100.5,1264580.6,1061138.8,1102014.2,1167789.6,1320882.1,1371764.7,1246252.1,1242526.5,1144046,1069281.5,1060989.8,1142489.5,1189155.5,1101807.7,1083513.8,1135412.8,1315152.2,1388840.9,1224510.8,1149608.9,1118748,1060672.1,1152061.9,1237938.8,1211687.1,1102360.4,1073504.6,1163461.4,1323516.3,1367421.9,1233499.8,1142474.1,1108219.9,1054964.2,1134382.9,1182954.2,1220893.3,1097687.8,1087995.7,1132517,1337590.3,1507944.3,1316610.2,1211627.3,1129497,1081290.5,1114948.4,1271910.3,1275636.6,1165686.7,1121209.1,1175193.7,1338101.9,1398834.3,1323374.6,1273943.9,1197749.3,1101420.5,1078816.8,1216683.1,1296905.7,1160894.2,1157826.2,1250530.1,1381866.3,1415265,1417780.4,1406840.1,1187054,1126627.6,1159438.6,1239187.3,1294831.7,1186500.6,1211403.4,1278082.2,1398260.1,1377907.8,1304594.3,1282302,1225347,1065414.6,1146190.9,1209511.5,1257733.7,1131242.1,1102941,1166774.6,1314219.5,1362314.4,1367915.9,1291637.6,1190597.2,1103197.8,1220199.1,1360849.2,1313112.5,1116409.5,1090598.8,1185963,1358766.2,1493030.6,1392835.6,1313891.1,1246646.1,1155197.8,1160632,1255519.5,1416560.1,1236600.7,1103428.2,1261097.2,1548344.3,1508706.9,1363504.4,1398720.6,1257531.4,1139803.5,1158267.1,1263479.9,1373249.3,1200583.2,1158296.7,1246072.6,1436483.3,1537439.4,1458140.1,1317885.6,1244736.4,1199290,1202350.9,1358907.4,1339621.4,1174859.5,1140536.7,1203708.1
NC,12834196,11330713,10769897,9195341,9822673,12210188,13557722,13608677,12061199,9760081,9306908,11957352,12769842,10253499,9936111,9245272,10082029,12108140,13319590,13267650,10978248,9519379,9332579,10272594,11023242,9996911,9593060,9020484,10409353,11252214,13086893,12651093,10858733,9677358,9890533,10625020,11402776,10327964,10803848,9391263.8,9816760.2,11229201,12609590,12189784,11167957,9825955.3,9911904.4,11102903,12873077,11006447,10972259,9285052,10286592,11605322,12422606,12350108,11286198,9796696.2,10021745,11226674,12229741,11827319,10763982,9174687.9,10279997,12212183,13399966,12724414,11485146,9767674.4,9253940.7,10728472,11979040,11046785,10035336,9153791.9,9884494,12054260,13792082,13778407,12129035,9704614.2,9636765.1,11209708,11220518,9375740.6,10283075,9228573.9,10508116,11778234,13233037,13030312,11074093,10211529,10079954,11398137,13431863,10222767,10462040,9374819.3,11020842,12452868,13473465,13350484,12261788,10571064,10467691,11204266,11994654,10223315,10488489,9478470.1,11175231,11816053,13741027,13116442,12530307,10700498,9898984.4,11272061,11358974,10566012,9945583.2,8666864.1,9725377.6,11067318,13787256,12827890,11134533,10142571,10209640,10958963,12382155,11306527,10052073,9730680.4,10041185,11657879,13349021,13872638,11890966,10254281,10234635,10921038,13489978,11632379,10105792,9393853.1,11070755,12326797,14027949,13576252,11186517,9905864.5,10468299,12022326,10949096,9861774.1,10700004,9425933.7,10150328,11395990,13915791,13655045,11625917,9927205.5,10488568,10995457,12863294,10485828,9893216.2,9697243.3,10927885,12753751,13855119,13591218,11033365,10186590,9903582.1
ND,1311337,1188331,1123068,983168,919590,932410,1031407,1079779,948942,979197,1136848,1322186,1397344,1256327,1270867,1083515,1001838,963993,1080109,1095831,1025870,1058314,1189329,1313678,1375579,1319985,1231707,1083694,1068025,1075466,1253929,1207874,1119216,1176333,1285120,1520029,1576111.3,1444913.1,1402316.1,1283862.3,1186460.2,1099669.8,1257074.8,1234672.1,1172398.4,1224705.4,1458544.7,1692238.7,1790010.2,1669934,1610618.5,1469377.3,1377656,1266316.8,1402560.7,1384275.4,1351313.7,1467136.9,1635204.5,1815328.1,1817266.6,1673162.2,1602272.9,1423369.3,1337258.8,1337923.9,1464814.1,1492465,1329838.6,1414422.1,1533523.2,1702631.3,1832017.7,1645018.6,1566991.8,1432281.9,1363986.2,1384436.5,1506001.3,1524171.2,1390341.7,1492824.2,1546867,1835250,1954808.2,1724454.3,1784246.2,1565591.8,1511021.6,1523318.8,1680328.8,1588345.4,1507206.3,1575230.2,1766715.3,1959159.2,1973755.7,1844663.5,1795712.2,1632769.6,1587963,1551485.8,1645200.2,1657949.3,1533170.2,1667056.6,1825446.1,1954333.8,2093944.6,1957062.1,1915802.6,1645729.3,1625832,1568600.5,1714618.2,1697653.4,1603459.3,1769771,1888806.8,2077975.1,2131471,1966021.2,1960056.3,1730695.9,1536525.9,1541520.3,1716491.6,1790929.6,1673748.5,1840975.1,1887571.4,2043445.1,2076237.2,2031944,1942768.5,1804710.2,1737456.1,1813249.3,1914159.6,1893560.5,1719993.4,1776149.7,1939174.4,2213704.2,2335412,2158453.9,2266167,1930570.5,1919375.2,1920748.3,2049936.8,2066892.9,1999233.7,2101911.3,2248630.4,2395545.3,2400295.5,2225654.1,2472349.2,2243146.9,2185714.5,2243298.8,2307339.6,2348562.7,2220970,2358240.8,2525977.3,2670629.6,2695586,2414585.7,2556379.1,2343329.5,2359739.8,2291887.5,2480665.8,2473255.3,2393702,2406456.2,2592479.8
NE,2747283,2446521,2420489,2273064,2166578,2441335,2895027,3039805,2385861,2157974,2247712,2627809,2666585,2503966,2465617,2145205,2184150,2398967,2998827,2910020,2370096,2201257,2293827,2537567,2569610,2456593,2342321,2160163,2412416,2813271,3437436,3108886,2440540,2243882,2293706,2549115,2660437.8,2397863.9,2435841.7,2282411.3,2346487.1,2470432.2,3061926.4,2968907.1,2612671.1,2331932.6,2393682.5,2738011.3,2807141.2,2545604.7,2498785.6,2225074.4,2326498.4,2472295.8,2881883.7,2852282,2409736.2,2249885,2344932.8,2608048.3,2664614.8,2423919.8,2335600.7,2132367.1,2159208.8,2450618.8,2999945.9,2832842.5,2537938.6,2230058.8,2216103.2,2511854.1,2632919.6,2413438.5,2268134.1,2107611.2,2182447.7,2752969.6,3067549.5,3041588.1,2520345.5,2274393.6,2248119.5,2689837.2,2703430.3,2316143.4,2347924.7,2212474,2272666.6,2703623.8,3201688.6,2810334.4,2544730.8,2272794.7,2350059.1,2623136.6,2760914.7,2515094.7,2495408.4,2280165.8,2427844.3,2707205.2,3050484.2,2914091.8,2477180.7,2293143.6,2408268.7,2609689.9,2726240.9,2561569.2,2588907.2,2188049,2270734.4,2432408.4,2953023.8,2808089.2,2532779.2,2315528,2388347.7,2617513.2,2791415.5,2538213.9,2502295.5,2174677.3,2118465.9,2755037.1,3191552.6,3138861.1,2506527.1,2374620.4,2388584.5,2691285.2,2591821.8,2724318,2532497,2263176.6,2373077.8,2898434,3230739,3274927.6,2727100.1,2452940.6,2505616.2,2766521.5,2922702.1,2723837,2712765.9,2443802.8,2530947.1,2918085.4,3294997.3,3449642.5,2828449.2,2470210.7,2580606.6,2968058.4,2964330,2657844.8,2717908.3,2400595.3,2535635.7,2932944.2,3212242.1,3414401.5,2873024.8,2536633.1,2537324.4,2788314.8,3269744.1,2563155.3,2712918.8,2516100.1,2642612.6,2977154.1,3460286.9,3444033,3086143.7,2780169.4,2639726.3
NH,1005395,917826,853953,835288,811404,847669,1037932,1035400,970209,856843,812320,905834,991030,949077,891995,869383,779845,887815,985109,1011157,953427,871435,816214,862119,967456,912727,875185,825553,786561,852432,1006596,1071387,972745,838970,833194,927456,977636.14,986318.69,863864.8,857780.86,824541.68,879877.92,1044742.3,1033410.8,970041.99,820146.3,829467.09,955447.44,1029493.7,1017988.2,909302.9,864423.03,816043.73,833544.58,975779.49,976002.48,936656.44,830591.83,820366.68,933888,993822.9,973624.24,956936.19,862959.25,800368.99,907980.39,946839.71,1033434.3,997097.1,856030.67,809762.77,860292.53,941420.5,931861.08,924048.15,849354.83,780301.9,868384.09,989976.01,1070920.3,1005168.6,848470.17,806055.91,888994.51,1014338.5,870046.6,881675.11,866799.25,784033.11,878001.46,979728.62,980507.02,887397.89,829947.94,844094.92,970690.58,1035233.2,869842.93,889277.5,817727.84,820259.84,878683.68,1053489.1,1080257.3,938347.99,855996.97,852575.7,954592.04,998472.86,886552.06,892068.43,804659.82,800273.73,838324.36,1061362.8,1002128.2,845505.32,807202.05,827933.59,947173.78,967140.72,880743.61,860782.37,779748.83,785812.11,892823.17,1081483.7,1018648.3,868214,804403.97,813144.42,940583.81,966665.04,906413.68,898941.23,788939.04,801779.43,965788.94,987671.25,1068327.6,901690.51,819770.25,820072.15,941208.83,1023501.6,909247.68,894146.36,795637.46,828566.05,870641.57,1055283.2,1084817.7,870119.79,771154.55,795526.53,919487.55,940209.88,892819.74,882953.63,781807.11,788646.77,848688.33,1056321.6,977594.77,908599.7,812300.68,834234.27,907136.51,972230.3,919457.23,869103.83,802115.58,806466.65,932855.33,1142243.6,1016492.7,844598.42,813757.56,836555.49
NJ,6725035,5954081,5973784,5520467,6044111,7212763,8782927,8128930,6966630,5810208,5615363,6445129,6831171,5855303,6021388,5429661,5991759,6764960,8570959,7827652,6808089,5647321,5242935,5868563,6286404,5743782,5608899,5357526,5975849,6670682,8374523,8149664,6195315,5486658,5439028,5764584,6211394.1,5835328.4,5914661.2,5120609.4,5718526.4,6714173.2,8455974.7,7287426.5,6047592.6,5672615.4,5618120.3,6045976.8,6578782.3,5925429.7,6217554.7,5358557.6,5345174.9,6563910.7,7809625.4,7020676.5,6098519.7,5587356.1,5442627.2,5917863.1,6638073.3,6058969.2,6097500.7,5173224.4,6012136.5,6642729.6,7880563.9,7770472.3,6704313,5505585.6,5321848.6,5684206,6146873.5,5799326.8,5591663.7,5093991.1,5731537.4,6531098.7,8259710.4,8451779.1,6745611,5664525.4,5329807.1,6013446.9,6122922.6,5458694.3,5922320.5,5101197,5535714.1,6680272,7843100.7,7276018.3,6307346.6,5585002.3,5311377.1,6238974.4,6493905.5,5633434.3,5824258.9,5260248.9,5777523.8,6606717.9,8031285.6,8420908.7,6648196.9,5827484.2,5440963.9,6051833.3,6342182,5598648.1,5839671.8,4921906.3,5593403.9,6429981,8461754.6,7632155,6307921.9,5431145.8,5328406.5,6029527.1,5965475.4,5432013.4,5330914.2,4734063.5,5006802.5,6572674.3,8489552.6,7740897.9,6149658.7,5221921.8,5160741.2,6193505.8,5707725.3,5955790.6,5666377,4950401.9,5468592.3,6917351.3,7886149.7,8024535.9,6096950.2,5391648.7,5268947.1,5735996.2,6574097.8,5498577.8,5655657.8,5083164.5,5662130.3,6585451.2,8419839.3,8303206,6056142.6,5291500.9,5197263.4,6115703.5,5863570.8,5212543.5,5764085.5,4783482.9,5241118.4,6044827.2,8129811.7,7413899.6,6293476.4,5397587.6,5259226.3,5693309.1,6261343.5,5457027.4,5482990.3,5099879.3,5573673.2,7194794,8479339.2,7648748.7,5774701.2,5371360.5,4944416.7
NM,1864059,1679919,1723163,1694632,1738280,2016473,2165393,2160662,1992181,1834420,1712082,1847080,1899284,1730380,1713311,1698508,1818970,2037474,2283742,2305958,2036359,1801132,1717392,1999155,1875107,1772162,1769492,1735957,1849215,2125121,2236328,2291239,2015593,1843840,1768379,1896135,1960024.8,1739847.2,1757780.7,1735365.6,1853569.2,2133064,2219027.3,2218192.1,1980538.6,1793243.8,1756431.5,1917941.3,1935260.3,1740290.4,1739123.3,1731168.6,1863496.5,2082153.4,2266136.5,2206347.3,2021835.7,1827008.5,1787437.4,1914964.3,1944940,1701597.4,1774464.2,1714723.7,1768045.4,2024725.8,2211223,2252898.2,2088361.7,1897002.4,1798652.4,1916918.9,1942662.8,1770138.1,1730868.8,1696998.9,1788882.4,2070871.6,2317235.3,2234239.9,2000137.1,1824233.2,1761890.8,1901388.1,1870386.5,1679269.7,1734374.8,1700194.1,1816154,2136696.8,2328195.7,2251895.1,2029476.3,1858571.3,1725058.6,1879311.2,1923609.4,1734177.8,1789541.8,1773417.1,1971707.9,2216465.3,2384778.5,2362589.3,2119033.9,1920901.1,1858662.6,1993726.3,2055682.4,1818732,1872516.4,1840273.5,1908559.4,2094492.8,2442757.1,2515180.1,2298751.8,2015674,1948235,2069279.7,2095710.8,1921160.5,1919363,1747043.9,1959446.1,2122327.2,2449605.8,2478582.3,2170128.2,2019722.8,1858748.4,2035315.9,2053110.1,1850920.3,1902808.2,1866862.1,2014574,2312043.1,2482960.3,2477861.9,2310962.7,2077885,1937481.1,2106274.1,2195079.7,1980245.1,2026426.6,2011362.2,2181755.5,2455286.9,2677677.7,2620155.8,2385187.7,2202679.4,2120736.3,2299585.1,2317958,2100149,2198290.6,2115697.2,2231946.7,2368996.6,2861595.2,2831870,2530076.3,2288892.3,2167625.4,2334392.9,2416620,2213377.7,2273795.7,2191575.7,2389029.4,2690965.2,2913706.7,2988996.6,2672948.9,2537258.6,2456707.3
NV,2567124,2239690,2381480,2289682,2554566,3243383,3981228,3766414,3115386,2675121,2403200,2555323,2599927,2286059,2458350,2379204,2608404,3066973,3776208,3815538,3160002,2670203,2411254,2684358,2579567,2356056,2524493,2457703,3039049,3420590,3879461,3938739,3276536,2727874,2367841,2612009,2788843.9,2350255,2523253.4,2473436.2,2898989.3,3618499.5,4118499.3,3657699.9,3129886.8,2506090.3,2404187.5,2741574,2639506.7,2305112.9,2420544.4,2464847.3,2967461.2,3545394.1,4042171.8,3643856.2,3395760.3,2702284.3,2339027.5,2609639.2,2802882,2300604.4,2576870.5,2469608.2,2819723.2,3600697.7,3890843.1,3981324.6,3470047.9,2911689.1,2464450,2730949.3,2756874.4,2480827.8,2514457.2,2504207.2,2779199.6,3733902.1,4150061,4039785.2,3207906.5,2808874,2391616.6,2776918.4,2707725.3,2423590.2,2577720,2481200.8,2974585.3,3815701.4,4382552.7,4027163.5,3367053.9,2705761.1,2477293.7,2717438.3,2647678,2446587.3,2634833.5,2601998.8,3092236.8,3674279.4,4424517.4,4359270,3540458.3,2819167.1,2674407.8,2864828.5,2760889,2562394.8,2670989.9,2633105.5,2785201,3650324.2,4128087.2,4272348.6,3498377.1,2666852,2546848.9,2806967.7,2817028.6,2575567,2723933.4,2503862.5,3049628.7,3564581.3,4351985.7,4458305.5,3664848.9,3051284.3,2638279.1,2834594,2800836.2,2440549.4,2644868.2,2703569.2,3193207.2,4075649.3,4664472.8,4403418,3724744.8,2885386.4,2627205.4,2868135.2,2835335.3,2519271.6,2681174.1,2738779.2,3220764.8,3889602.4,4545289.5,4392429.2,3783712.5,3090157.5,2731819.7,2891671.3,2881426.8,2602936.3,2730267.1,2695177.3,3174317.4,3414316.2,4643921.2,4201897.4,3395545,2921472.2,2749175.8,2838902.4,2922261,2643655,2701984.6,2757252.5,3259902,4186990.1,4887555.1,4517296.1,3828003.1,3336008.3,2728332.4
NY,12479249,11573522,11228223,10298108,10666624,12297255,14686481,14574946,12791492,11244352,10677079,12106243,12424996,11775235,11530654,10775875,10689332,12129006,14203370,14159584,12805244,11361905,10724396,11467012,11897042,11322082,11053953,10469399,10702536,12046524,14225043,14347911,13541788,11163410,10744222,11648759,12465921,12149425,11696082,11271233,11025368,12355071,14662838,14286789,13130506,11443807,11002216,12405870,13016999,12699456,12154725,11217071,11156846,12044833,13870938,13418543,13047545,11403056,11245691,12096209,12763532,12568885,12485820,11290966,10645294,12627903,13788483,14437355,13935425,11683713,10901380,11784899,12293266,11835041,11628673,10728090,10769987,12297750,14427051,15262546,14050410,11481032,11070295,11958896,12419552,11706036,11296118,10844046,10564928,12076747,14165450,13937431,12671101,11756162,11403307,12151555,13169576,11929248,11592357,11041789,10910983,12083099,14471656,14957611,14061590,11966841,11310729,12434371,12550152,12133590,11682375,10713150,10544294,11783704,14583645,14645821,12742619,11152719,10978371,12089905,12200520,11497063,11162183,10322365,9729970.3,11464546,14462225,14164865,12416358,10780312,10516599,11689626,12123067,11726448,11097668,10225393,10004436,12077341,13922264,13987327,12981077,10999905,10667971,11610882,12313362,11593898,11363678,10615714,10423162,11906739,13868681,14847971,12990339,10809587,10488566,11988820,11907858,11110591,11221116,10330124,10197207,11078688,13987815,13588069,12679457,10747589,11020940,11552482,11836942,11351461,10951814,10322546,10107823,12066787,14670021,14125911,12185327,10525701,10336899
OH,13917068,12580244,12529707,10882024,11835769,13482365,14746063,14934487,12177735,11515983,11704352,13839621,14331164,12492834,12794812,11257186,12140294,12991997,15553889,14579765,12430324,11739373,11629787,12804884,13606248,12556455,11966970,11418590,12391847,13264303,15289627,14529453,11693555,11627578,11602386,12509853,13442354,12301983,13135210,11262861,12075897,12562805,13919175,13431314,11976600,11626277,11576481,12996062,14552914,12948554,12906192,10887339,11616872,12880226,13155712,13375403,11976970,11598064,11915995,12865473,13951129,13318436,12749258,10923454,11860877,12698645,13728511,13524827,12433778,11238167,10997764,11788378,13265580,12307814,11773236,10920912,11475030,12708281,14496116,15158346,12955555,11353200,11191727,12992000,12994000,11224703,12324428,10714801,11466061,12642882,13920175,13416898,11941622,11412109,11583685,13002468,14042993,11800513,12428552,11276588,12270363,13024122,14262256,14342441,12782789,12209199,11883446,12591904,13446656,11942698,12697168,10719489,11392922,11975537,14916662,13683462,12550882,11321917,11611318,12263209,12607858,12137683,11451664,9922458.6,10176761,12123593,14535692,13512245,11570300,11220680,10789592,12566670,12738666,12427212,11642329,10773258,11414210,12798338,13955644,14543175,12228560,11639552,11481790,12075131,13532271,12087833,12365287,10891366,11506875,13091927,14295567,14134645,12120378,10996635,11357442,13119556,12720499,11336393,12501312,10770463,11342940,12220168,14327401,13733476,12048186,11783803,11546604,12309737,13694197,12174282,12033440,11317832,12370870,13520576,14643301,14887038,12586138,11790652,11565456
OK,4920158,4344399,4262454,3904419,4375065,5606497,6013318,6436887,5071249,4168873,4034197,4708465,5000149,4523146,4185309,3996913,4586920,6023945,6804721,6686268,4835181,4323609,4150176,4730457,4693211,4297150,4232523,4181703,5029445,5523901,6627700,6160089,5214441,4410531,4199842,4770089,4931371.3,4338609.5,4534123.8,4260887.3,4584161.9,5469817.3,5938338.4,6176262.8,5416922.6,4519863.8,4458872,5299941.3,5341882.4,4882371.1,4799888.9,4305012.3,4837782.1,5525523.2,5829428.2,6323723.7,5292185.1,4787471.9,4671957.7,4976147.5,5314785.4,4803915.3,4697401.7,4310648.9,4599372.7,5766292,6361334.6,6165192.7,5661813.8,4554568,4356423.2,4744636.7,5181833.7,4432332.1,4398603.7,4222603.6,4661708.5,5865957,6555432.4,6337702.6,5543022.3,4830878.9,4349541.9,5136937.5,5015093.9,4150643.4,4604920.1,4309943.6,4711231.2,5728826,6387451.9,5991211.5,5313457.3,4809036.8,4411176,5059136.4,5665974.8,4814340.4,4535309.1,4498428.2,5513760.2,6074742.2,6580717.8,6341164.8,5544495.6,5026667.2,4841838.7,5137876.9,5525510.6,4872776,4835923.6,4548880.7,5003923.5,5651970.3,6565653.8,6700488.8,6173835.1,4980617.2,4861328.3,5075038.3,5171025.9,4853352.4,4721624,4282223.4,4647422,5833552.5,6595909,6383329.1,5259891.8,4747581.8,4518503.9,5284889.3,5454642,5152258.5,4697382.2,4494015.9,4866733.5,5917215.1,6537836.6,6758494.5,6027735.3,5008518.2,4676990.4,4933314.7,5745392.2,5207090.2,5078627.4,4762778,5609958.3,6477425.1,7505373.4,7154367.8,6048116.3,5109770.5,5113175.9,5674866.9,5664563.8,5058164.9,5204203.3,4802310.4,5441556,6166632.3,7233887.4,7280637.7,6306531.5,5312228.2,5022709.9,5485414.8,6309336.4,5097411,5116330.6,4975844.3,5756149.3,6774346.9,7432398.3,7641151.6,6271535.6,5793292.3,5165008.3
OR,4129831,3799942,3966472,3700828,3557333,3509903,3941777,3907801,3569434,3607740,3945566,4389318,4525733,4014393,4189416,3807349,3640038,3547420,3751649,4007383,3683735,3578609,3912848,4512872,4387505,4014413,4159660,3661494,3626826,3568877,3911412,4048787,3533017,3661332,3811429,4304103,4683616.9,3940330.3,3992470.9,3688520.1,3641612.5,3573210.5,4048468.7,3956492.3,3606855.8,3818573.2,3912267.5,4778559.5,4529650.5,4183695.3,3924957.1,3673934.4,3606325.8,3595550.6,4164723,4050263.2,3686278.1,3622994.6,3931623.7,4364956.6,4357202.1,3721556.2,3908912.8,3712178.2,3612759.4,3965574.1,4197388.5,4123037.6,3593767,3678486.4,3986211.4,4406900.2,4476228.6,3905277.8,3968898.1,3508242.3,3621874.7,3825969.3,3951825.8,4205746.8,3526905.7,3746807.8,3778303.2,4833269.9,5026141.3,4189478.4,4189739.7,3823912.7,3848277.8,3883543.6,4261968.9,4395004.2,3804724.4,3792565.1,4072849.3,4755610.8,4428725.5,4237804.4,4187308.1,3907167.6,3727471.8,3837665.3,4412217.8,4369558.3,3717610.7,3870356.4,4048357.7,4603570.4,4693121.4,4473390.8,4368775.2,3858122,3797277.5,3868003.6,4208973.8,4340729.9,3806062.5,4078944.9,4205467.7,4705516.9,4677117.6,4419317.1,4433990.9,3852912.8,3802678.9,3852821.9,4399677.3,4473884.4,3950047.7,3998805.2,4327367.7,4830691.7,4783288.4,4504204.9,4628563.3,4125725.6,4151967.7,4540097.5,4818216,4752609.8,4134206.5,4132695.6,4316574.4,5247055.2,5192936.2,4602112.8,4666039.2,4440256.4,4299661,4268796.9,4925411.1,5108228.2,4293743.3,4264078.8,4923268.7,5342363.4,5349371.8,4886748.7,5175817.2,4596706.9,4472165.1,4491727.2,5045021.8,5134589.5,4394430.2,4467369.3,4798396.6,5172617.7,5629048,4895038.7,4975548.5,4556174.1,4565014,4587570.5,5362527.7,5221507.3,4690088.5,4673963.8,4976863.8
PA,13772564,12495939,12284653,10953611,11301561,12835148,14178091,13609502,12202753,10972806,11081933,13275407,14712165,12992227,12361893,11161570,11160581,12367733,13684505,13591088,12106072,11287927,11022759,12308718,13142520,12268153,11856713,10599387,11286123,11708783,13761069,13402442,12161383,11091812,11058573,12372770,13130421,12871785,12542359,11332487,10939739,11860763,13678904,12752689,11781478,11160159,11263911,12939069,14385585,13346603,13098500,11356809,11002509,11599586,12808970,12486856,11759708,11014659,11146172,12681742,13666831,13550087,13443391,11099613,10927440,11891417,13101934,13006948,12457152,11012903,10544102,11642209,13114854,12719512,11738476,10612678,10589620,11809021,13365748,14081931,12913749,11053716,10744836,12583541,13251693,11830849,12114975,10897906,10609016,11596164,13243990,12946058,11578168,11181732,11041481,12698864,14303373,12328582,12285404,11527700,11170012,11663623,13531790,13695465,13185218,11271240,11168524,12845801,13673947,12727593,12561357,10753266,10884875,11379908,13476633,13567496,12200664,11125726,11009849,12219070,12882625,12048709,10940099,10177527,9864695.4,11184452,13979536,13577593,11502720,10494350,10512899,12555633,13105721,12195225,11746428,10368166,10603076,11893629,13416044,13756308,11992978,10958375,11090404,12213801,14002148,12380927,11509064,10804377,10726898,11897593,13522954,13830065,11935213,10655450,10803380,12976523,12731139,11332809,11557836,10308919,10379311,10947665,13256877,13022198,11726072,10633747,10745660,12068759,13328407,11044080,11562445,10732151,10942644,11762373,14346276,13328840,11365062,10644341,10658754
RI,641628,604398,595922,554262,604862,691368,826788,726421,679971,596829,596694,680084,658999,610619,628797,571456,569818,662997,833468,721052,637726,597419,597264,642806,632115,602698,601535,565661,592351,660371,795057,810717,608856,602728,595119,641128,680317.71,590526.37,651226.26,553743.57,586573.08,667891.3,902049.31,668434.19,625416.63,601493.28,596841.02,656609.28,703482.17,596439.8,674395,568174.43,573645.33,632896.67,780000.94,592269.42,654521.25,604721.28,627470.91,635086.83,676920.52,646407.12,630712.83,543698.76,573529.74,641238.87,747325.46,779822.16,648327.31,588804.03,567078.17,620853.03,654136.29,572075.2,592506.69,554295.65,557870.4,621751.04,792824.36,804870.12,643490.56,566265.46,559671.07,604513.16,628454.49,555319.09,620693.53,536031.97,552651.18,644602.82,728500.63,718122.81,632623.41,549334.97,566266.35,652069.76,682316.87,560244.37,587688.15,562669.24,556648.3,608510.44,793643.94,822626.83,642724.27,572304.51,583814.68,610147.41,651420.75,561760.93,589726.22,540851.34,546445.33,591038.72,798172.46,750853.61,591826.12,554278.42,559952.71,613588.38,612217.54,551278.58,572961.77,536871.01,552877.37,645559.67,808342.91,761803.93,621952.08,552869.32,519351.33,615455.49,631522.87,582207.42,593989.8,520437.11,540087.31,688978.13,729601.14,792154.9,628401.83,573444.95,544139.04,573039.48,639090.5,573147.47,612480.66,661582.1,608287.14,536455.55,792261.42,806753.3,625496.37,550077.9,552034.66,618616.95,616164.53,543894,586460.69,500207.67,549637.15,623778.25,801456.14,713236.69,674244.8,569461.82,555015.22,567231.04,650928.87,583153.58,584551.27,539350.6,569054.89,634308.53,838245.8,794064.11,614399.53,576077.17,490392.2
SC,7453389,6651903,6383304,5581562,6254174,7568061,8190608,8250543,7282640,5986216,5720328,7156566,7523143,6227375,5882227,5807423,6436561,7476646,8157705,8242940,6959642,5915993,5678180,6180710,6572791,5934699,5867756,5726637,6437040,6844709,8042062,7662808,6656792,6038180,5844729,6152751,6632509.5,6092740.6,6400193.9,5767024,6021746,6932950.6,7703232.3,7588828.3,6914352.6,6177912.1,6040515.5,6330088.7,7643655.3,6513432.8,6534749.5,5733600.6,6440910.7,7284275.2,7735570,7780369.6,7070582,6139466.8,6159781.9,6583370.8,7225018,6834000.6,6372616.8,5654163,6445700.9,7575344.3,8253849.4,8036516.9,6930254.1,6081426.8,5879674.9,6039680.5,6966547.2,6460125.9,5706140.1,5538659.4,6220740.1,7191242.8,8344437.7,8240745.1,6965339.8,5921660.6,5825999.3,6195912.2,6457488.9,5458329.7,5938246.1,5795073.8,6384905.5,6964786,7966219.8,7845791.6,6608179.5,6435508.9,5842550.3,6399677,7801029.2,5814316.4,5977900.9,5699449.2,6647636.8,7514852.9,8015932.1,8087135.9,7457578.9,6496622.2,5831633.4,6443153.1,6877068,5805646.6,5924695,5777545.1,6775327.7,7050444,8093882.6,8008291.8,7318736.3,6552494.5,5763234.8,6258253.7,6444956.1,6108574.7,5891009.9,5158598.5,5739614.1,6728358.6,7984993.1,7832583.5,6667053.9,6012099.6,5920012.3,6249321.7,6922558,6270594.4,5776711.5,5750950.9,6258068.1,7021872,8105320.6,8098266,6955347,6507014.4,5831218.2,6294214.8,7261717.4,6430881.6,6118720.7,5816258,6892232.7,7633530.6,8544764.2,8039027.6,7074173,5984407.2,6290669.4,6672049.6,6818258.5,5786345.2,6035683,5877908.9,6471329.4,6925178.6,8402853.2,8533586,7185283.9,6364907.3,5819252.7,6981598.3,7346546,6267694.8,6036232.9,5989246.2,6914442.5,7739863.4,8792034.3,8252944.9,7022537.6,6474933.5,6085597.7
SD,1135212,1015559,974982,876717,822662,869624,988862,1022451,896767,816360,871885,1065069,1134503,1052123,1025097,928737,865042,877423,1007339,1071003,935464,860256,897354,1025258,1066946,1021188,979110,890409,860577,935623,1113143,1081225,957096,876803,920754,1031336,1145641,1057145.7,1039149.5,977576.55,897212.15,896120.56,1039659.9,1056212.5,1018163.4,930418.23,984671.95,1167827.5,1229742.5,1140151.7,1094919.8,983391.59,910025.05,933661.17,1009656.1,1056173.6,955929.86,928480.25,991068.39,1121526,1178718,1083523.7,1024417.4,925255.77,871063.66,948050.64,1073055.6,1085106.7,979425.53,919688.02,937324.87,1076349.2,1147099.3,1057053.2,984215.92,898766.68,879015.76,995755.2,1078633.8,1137597.3,963170.92,916164.46,937858.2,1134199.3,1229457.7,1051397.4,1028989.6,903578.63,908181.84,993736.83,1131313.9,1055742.1,973549.16,930357.32,989199.16,1118171.4,1222686.4,1132101,1113764.7,1008561.8,961063.66,1037146.5,1116045.3,1130191.5,995363.42,969376.96,1030179,1149164.7,1196390.7,1192822.6,1165585,996434.16,943620.07,987343.72,1113434.5,1089946.3,1006476.5,994556.53,1039461.5,1142859.6,1223844.5,1117909.1,1085913.5,957695.27,880885.08,1003386.4,1160686.8,1166553.4,1005577.4,977186.44,997183.95,1119023.4,1148472.5,1162035.7,1084132.3,986044.33,946469.66,1097744.3,1194081.6,1214768.3,1055076.4,989943.03,1013880.4,1148742.7,1267672.4,1172391.3,1156469.3,1046344.8,981360.43,1048508.6,1199857.5,1232509.3,1092077.5,985407.33,1064186.7,1220278.9,1261545.4,1161938.7,1185723.4,1057389,997305.42,1120964.8,1152082.2,1228403.7,1096937.8,1029133.6,1062394.2,1152180.9,1297991.1,1169338.6,1128686.9,1062450.4,1001650.2,1071261,1211261.9,1236961.7,1128481.7,1039336.6,1069863.1
TN,9687678,8982003,8393883,7284445,7105877,8679188,10168949,10505125,9519143,7641066,7011110,8543070,9915906,8817508,7657389,7278927,7151342,8664304,9773886,10310397,8991548,7231443,7129847,7810831,8352530,7864454,7325971,7032432,7454467,8395017,9877219,9791474,8633087,7117199,7017922,7519699,8707972.5,8006515,7975424.7,7583976.6,7167943.6,8084690.9,8982710.1,9019077.3,8818449.8,7385366.3,6973418.4,8238467.9,9549176.2,9451352.7,8080023.2,7250227.5,7234020,8404697.6,9129162,9096531.5,9050178.3,7463394.5,7327991.8,8182474.8,9095354.2,9005204.2,8806823.6,7250422.6,7268124.5,8447898.6,9678568.7,9831074.2,8777429.4,7312409,6796273.5,7362525.4,8450537.4,8746105.7,7688289.4,7023300.6,7210096.5,8567121.5,9992251.2,10360776,9674072.6,7982053.7,7153462.7,7910372.1,8653379.8,7643640.6,7443767.1,7235496.4,7479923.3,8418240.4,9552202,9748075.9,8472497.6,7631275.2,7111269.5,7850117.3,9910184.9,8543082.8,7322285.5,7333788.3,7549392,9030250,9964195.3,9806656.1,9398751.6,8216676,7421373.9,8414546.5,8555072,8304070.7,7815996.4,7120138.2,7452198,8543142,9567526.7,9561525.4,9445992.5,8202846.1,7297287.2,7963304.9,8006325.9,8015695.6,7396930.2,6498840.3,6495681.3,7914352.8,9639538.3,9838066.2,8948319.1,7217882.4,6908716.3,8123539.7,8976570.5,8749517.1,7962741.6,7095040,7105535.2,8367943.7,9539647.3,9901091.3,9102767.9,7629320,7277782.6,7913180,8865375.5,9066739.7,7871499,7284854.8,7695618.7,8976357.5,10463852,10109892,9032477.8,7399040.1,7179997.9,8166346.7,8823278.5,8160217.1,7406381.7,7353561.5,7277315,8224733.6,9470364.3,9993581.6,9413945,7679470.6,7274923.4,7968232.8,9344507.9,8743662.8,7551198.2,7231757.1,7689487.4,8941491.9,10252672,10395650,9286557.4,7890234.4,7209053.4
TX,30235389,26517691,26681477,24541760,27222961,33553242,36387489,38732076,34655355,28534649,24739327,26656135,29993367,27945669,26464992,26963245,29173907,35730168,38540463,41667168,36600689,29754848,25503940,27726661,28330456,25728887,26164763,26338924,30054728,34088196,37508391,39226454,34606094,29705218,26384824,26967196,30578184,26228296,26795885,27170772,29266797,34634796,37888726,39328028,36987510,31956045,27074170,30908046,33491405,30082500,29007544,27846934,30309120,34707247,37815771,38763079,37723702,32563728,27776394,29582396,32573796,28980372,30352382,27952976,29248236,34721328,40173894,40722089,37592920,33579866,27225486,29214009,32141262,29074793,28087577,27839850,30204873,35736365,40978236,42140094,38567586,34223250,29054828,30613095,32359395,27357805,29211964,28246795,32461661,37295003,40813375,41577224,37161324,34913676,29232944,31249208,37159308,30770230,29683946,29027685,33788461,40463327,42850187,43876130,39154255,35643888,30159454,31951550,34165018,30997096,31368333,29383124,33697793,38347130,43075447,44914773,42282997,38655177,30308577,32147938,33160980,31833686,32370831,30237030,32043435,38159282,44005789,43718742,39782779,36093953,30971483,34485276,35518281,29819319,31074095,31813373,33287942,39106081,44320085,44667906,42869909,37536813,32132007,33482067,36730783,34719529,35413889,34023616,39120627,44455005,48125094,49194868,43748660,37215509,34435118,38218493,37492526,34787621,35793514,34149382,37813454,43992738,51117748,54396525,48778532,41954177,36126469,36417699,40905529,36721534,35201347,35669587,41321458,46615282,50168089,51895282,46250935,44332709,38226614
UT,2370752,2184937,2168371,2012718,2109651,2305287,2889635,2700473,2395277,2249309,2239350,2418242,2448763,2216458,2268269,2188325,2192416,2347461,2768207,2818384,2492126,2305683,2282996,2529857,2420866,2312926,2224877,2186109,2368848,2580975,2962290,2976600,2479999,2401100,2268020,2540760,2680539.9,2332062.2,2284493.1,2217169,2370353.4,2670237.8,2941900.3,3069812.7,2552272.3,2321063.4,2344231.9,2689898.1,2574185.3,2235084.4,2318321.8,2279818.3,2392041.9,2618946.6,3081892.1,2781561.2,2591232.7,2324167.6,2338191.2,2507576.1,2554939.4,2215613.3,2294410.9,2234525.1,2287614.7,2741740.6,2914939.6,2974736,2544847.6,2419050.2,2417196.3,2592736.4,2582125.5,2347242.9,2246162,2204185.2,2295620.5,2774149.2,3074741,2962470.3,2473277.8,2331179.6,2272319.7,2616060.4,2592545.7,2214080.6,2313228.1,2297017.3,2386546.3,2804873,3155018.2,3045496.7,2575288.8,2358404,2298724.3,2547798.1,2519571.5,2256305.3,2309638.4,2264631,2387366.2,2791719.6,3295706.1,3171017.5,2750875,2481921,2399210.5,2614445.8,2590293.9,2373694.6,2376024.2,2289691,2356840.7,2591561.3,3150033.7,3167057.4,2686260.7,2537524,2412783.3,2610800.3,2628694.2,2388663.2,2420266.3,2197475,2401779.2,2623858.1,3195443.4,3380841.4,2728826.5,2555153.5,2476605.8,2665550.4,2676918.8,2366168.7,2449614,2308891.3,2542775.1,3189211.7,3473060.9,3192478.1,2801017.5,2513781.6,2454656.4,2709053,2700359.3,2425646.3,2533166.7,2359205.6,2540873.8,2934516.9,3589102.9,3356131.1,2930614.5,2560624,2622650.8,2812609.3,2758486,2570721.2,2588083.4,2398707.5,2618894.1,2661178.1,3605086,3331513.6,2824696.4,2608990.3,2578607.2,2798573.3,2817478.2,2591044.2,2597635,2448345.7,2672571.9,3269359.7,3592480.9,3552272.7,2851580.4,2827357.6,2674387.7
VA,10723672,9686062,8568472,7466780,8428162,10489509,11352424,10700731,9400680,7875189,8134926,10979526,10887121,8899503,8688112,7906596,8497367,9870197,11284286,10355383,8948683,7902959,7931611,9056448,9717172,8734210,8085726,7608890,8582931,9241797,10999898,10395235,8696014,8067143,8559063,9106908,9946848.6,9280785.8,9505687.4,7878684,8261609.6,9358568,10698248,9902008.3,8720270.6,8359931.7,8776067.1,9823118.1,11326846,9554446.8,9675506.5,7753936.1,8402490.5,9537106.9,10226552,9797994.7,8906086.9,8185202.7,8939427.2,9792784.2,10840810,10659190,9434952.4,7651421.9,8833360.4,9946920.8,10626781,10289851,9057770,8179797.3,7813440.1,8674750.5,10731757,9600388.8,8406293.1,7785328.6,8151652.3,9337945.3,11206162,11265924,9429088.1,8241526.1,8227095.1,9897505,9904739.5,8556727.3,9372327.8,7905539.5,8502441.2,9679682.7,11044491,10409555,8810748.5,8444772.2,8615042,10283666,11725654,8838746.7,9667808.9,8201534.8,9326318.7,10118001,10882909,10971869,10100907,9030786.6,9236925.4,10085185,11046099,9261214.5,9584479.8,8078417,9273643.7,10032260,11663255,11049889,10003156,8880668.6,9409697.5,10152601,10523220,9507373.6,9032566.2,7977088.5,8416213.7,9959231.8,12356065,11616899,9502814.6,8444646.4,8953098.1,10965171,11402970,10638625,9632076.7,8627667.8,9303586.1,10820101,12257642,12157392,10387752,9662182.8,10272832,10082369,12236021,11161535,9659662.8,9699136.6,10232061,10828607,13179183,12242460,10694257,9805758.9,10567735,11958200,10969763,10207224,10961522,9287641.6,10206987,10805216,12917269,13186792,10985240,10515119,10649356,11626374,12313393,11307072,10615253,9941701,10365050,12598202,13552464,13319677,10999055,10380690,10465375
VT,520552,458233,459820,417963,435682,447332,512096,500643,449606,440947,436546,515414,524264,467285,470454,428060,427583,443915,497098,486411,450302,437252,423141,494419,510813,463299,444823,409204,434478,442803,494576,501472,438549,427661,446236,496849,515972.96,470657.78,471750.77,430092.73,425877.99,447034.32,507074.28,488369.73,436654.36,433637.23,455014.41,505575.44,537687.98,473574.82,486174.96,425150.25,418461.69,440109.58,487444.34,470224.34,454399.35,431662.19,447846.78,497124.72,527632.78,483028.82,482999.23,427022.41,423908.08,432354.32,483348.01,494645.64,459144.02,430420.06,425943.4,450662.24,506806.87,478568.09,452530.53,416559.28,421764.16,436368.41,492027.92,502213.67,453540.2,429388.23,429680.44,497002.2,494608.01,444238.29,468564.14,416283.94,418150.15,432920.48,473733,475162.61,437215.79,426822.79,434048.54,501914.27,528102.05,449028.79,458081.1,425837.68,415055.67,422306.63,502628.03,507466.74,453313.05,436177.73,443671.97,489278.58,522926.5,458893.92,457765.65,423616.74,405193.68,419244.57,500087.23,473850.28,419603.87,417128.45,443505.84,485847.26,490294.09,455170.38,440323.09,392218.15,395560.46,429796.95,505419.17,477343.34,419176.22,414181.42,425556.56,486418.19,502755.05,458053.04,457307.66,403983.08,407997.97,448428.44,467024.42,505841.81,429121.04,416605.65,433002.47,482575.38,533713.82,469902.61,465629.47,412758.84,421849.85,430151.12,489732.37,504106.74,421242.77,410121.11,423492.18,487770.14,496070.21,453769.8,459623.54,403330.87,400842.34,422387.23,494934.77,466770.35,431543.21,416405.38,439204.1,479141.23,516082.5,467423.28,456454.38,410238.38,412917.69,445970.14,519838.75,483830.54,422474.73,417199.02,401308.93
WA,8854879,7965966,7928824,7443739,7072381,6923282,7191647,7254923,6808357,6859041,7309613,8767319,9013798,8486806,8712759,7848762,7343262,7334593,7146468,7366208,6957091,7020528,7642530,8852112,8988060,8636742,8373220,7565294,7177447,7027994,7342873,7436369,6842807,7044482,7386262,8514890,9257152.2,8523355,8159619.4,7690273.3,7201766.9,6675434.9,7412770.6,7311594.6,7001032.9,7208470.2,7491167.4,8950085.6,9215370.5,8636503.6,8423104,7512557.6,7066618.4,6970471.5,7282830.4,7315521.3,6965188.2,7109274.2,7079945,8563392.3,8775792.3,7682902.2,7919468.5,7467506.6,6676774.6,7041631.8,7446647.8,7265071.7,6909946.6,6898588.5,7376317.4,8655438.2,8707917.1,7832590.5,7726923.9,6780297,6657534.1,6814499.3,7091078.3,7356937.3,6693474.2,6987111,7154360.1,9082593.4,9528262.4,8205038.4,8265304.8,7147320,6927517.9,6874074.9,7299364.6,7381400,6851574.7,7051876.6,7567306.2,8849131.7,8721270,8002140.7,8130286.9,7153557.8,6955532.5,6823080.9,7405443.6,7299475.6,6580215.9,7051398.1,7456469.9,8426919.2,9016478.2,8345425.4,8531687.1,7213808.3,6870976.4,6702368,7155554,7319914.4,6637622.7,7305819.1,7338502.9,8614639.4,8772222,8042698.4,8057491,7019992.7,6312479.9,6451667.8,6877428,6901603.1,6295497.8,6628125.3,7057454.5,8289483.7,8106346.8,7994962.1,8155550.9,7005745.9,6477799.2,6980100.6,7172779.7,7232006.9,6506364.7,6758492.2,7199344,8609174.9,9125688.7,7954313.2,8132179.8,7494632.8,6828652.6,6688074.7,7123961.9,7571759.8,6740197.8,6520236.7,7754752.8,8962869.2,8872205,7962562.6,8537157.2,7288505.5,6782283.8,6658908.7,6972399.9,7335342.5,6526974.8,6829421.5,7411228.6,8375640,8588026.7,8105723,7975580.2,7218562.9,6921328.7,6563279,7559462.1,7362683.7,6789410.4,6973218.2,7280385.5
WI,6091810,5345092,5518601,5145566,5383730,5792797,6628636,6717006,5399458,5352037,5312443,6065242,6138435,5403103,5683228,5215864,5363399,5605355,6738698,6432686,5468576,5338108,5330520,5893648,5912130,5490297,5518598,5098599,5445362,6050135,7089871,6273177,5419629,5366475,5308336,5847481,6087239.4,5501522.4,5690317.3,5349324,5417369,5606627.4,6385638,6291012.4,5627067.1,5517036.1,5496913.9,6153976,6442930.7,5803764.7,5892306.9,5330887.5,5383537.4,5757446.5,6016605.4,6302859.1,5528491,5470691.2,5574331.1,5990903.6,6185418.3,5660741.8,5682687.6,5209074.9,5342569.2,5612848,6328573.1,6282307.8,5917206.4,5355537.1,5355213.9,5766753.9,6104044.3,5587567.4,5544981.6,5201760.3,5318982.1,5951377.2,6610287.4,6772490.5,5735879,5482735.5,5335572,6090660.9,6104465.6,5377043.4,5709845.1,5209837.9,5314617.3,5963392.8,6447135.9,6150014.7,5759136.7,5507830.5,5484479.9,6051309.3,6276067.5,5583728.2,5725645.3,5395670.2,5678807.7,5984988.3,6724428.3,6720462.5,5783044.9,5605853.1,5575358.9,5911402.2,6182412.1,5618982.3,5849095,5265275.2,5359470.5,5529414.1,6739010.1,6222041.2,5627200.5,5499250.1,5429915.8,5835473.2,5967156.4,5553429.4,5566564.9,4893557.6,4945752.3,5717377.6,6786367.6,6336519.5,5300000.9,5301658.5,5254922.6,5825054,5888765.4,5662384.7,5573828,5094840,5312735.2,6202284.1,6552003.7,6756832,5619738.3,5529281.7,5358802.6,5875119.4,6248512.1,5567528.5,5787939.8,5238410,5545828,5928440.2,6543687.6,6544749.8,5704364.1,5307147.8,5430599.5,6028663.8,5978757.8,5378204,5748170.6,5190320.9,5341792.2,5848926.3,6420116.1,6519434.6,5662711.7,5423931.8,5341485.2,5710052.7,6023573.9,5339430.3,5472034,5187874.2,5300888.5,5845580.5,6476748.5,6471661.9,5709327.6,5329213,5228804.6
WV,3161342,2931208,2721713,2221822,2294023,2552790,2800167,2809365,2399058,2398664,2479013,3262637,3237130,2763556,2693601,2321755,2311790,2459911,2725365,2794532,2370558,2349689,2476766,2734100,2994091,2744781,2429277,2288768,2400030,2407180,2697591,2733381,2285516,2481277,2617750,2737598,2990022.3,2798499.3,3000271.1,2281868.4,2389105,2530876.1,2665893.1,2512150.3,2349902.7,2406787.6,2650338.3,2824135.9,3524426.9,2879049.2,2955094.1,2345049.4,2439186.4,2577255.2,2636212.3,2675370.2,2423560.8,2485374,2803290.6,2952237,3388076.7,3252208,2824240.8,2283303.5,2594673.1,2659440.7,2706915.1,2744398.8,2469242.2,2408676.2,2373802.9,2598048,3288145.6,2887555.2,2550797.3,2359586.4,2390967.5,2502590.1,2794612.5,2955992.8,2581303,2354563,2479558.1,2930474.6,2921910.1,2420830,2887848.4,2287397.1,2433083,2527121.4,2780627.3,2737847,2408226.1,2546700.7,2652077.9,3105350.2,3432124.1,2641017,3066883.3,2477184.2,2648736,2657071.5,2865691.3,2861314.3,2579750,2700781.6,2691802,3024457.8,3270003.6,2774404.2,2965014.7,2377002.5,2538321.8,2493938.4,3040958.4,2838368.1,2628609.8,2551555,2821918.9,2946917.9,3045268.3,2781672.5,2649972.1,2380346.8,2414597.7,2477021.7,2962376.7,2869707.6,2432603.6,2469520.3,2554094.5,3039401.4,3200385.7,2889732.1,2750684.1,2458411.2,2508854.1,2616253.4,2876723.5,2910152.5,2499630.7,2523163.3,2731618.5,2812378.9,3334002,2798602.5,2778920.6,2456641.9,2564803.8,2624203.3,2855825.6,2871081.6,2441968.6,2508133,2652932.7,3099172.3,2945150.6,2587887.9,2887659.9,2354170.5,2481747.9,2456978.6,2831868.9,2876801.3,2470830.6,2545733.4,2654873.1,2976984.4,3259847.6,2754783.4,2725565.1,2404458.7,2569673.3,2699818,3008201.5,2940105,2478001.3,2503279.4,2553180.8
WY,1578332,1421043,1431252,1427608,1357400,1398828,1316372,1383451,1334714,1418692,1452960,1592806,1591112,1461298,1522644,1355378,1433063,1381846,1448915,1390498,1331460,1363255,1528811,1609482,1569660,1464967,1450840,1361124,1316664,1423646,1363152,1420324,1310665,1355080,1438744,1496488,1529028.6,1394571.3,1469878.9,1403392.3,1372073.9,1368127.4,1455422.4,1365456.1,1346164.3,1378100.1,1455507,1515791.6,1568440.8,1482013.7,1422000.1,1333569.4,1427096.3,1293133.4,1502231.5,1402531,1336781.6,1403861.4,1430778.2,1531637.7,1586074.9,1405037.8,1430616.1,1367082.7,1363562.8,1375882.1,1341991.1,1406463.3,1356874.9,1384196.8,1412420.6,1494558.9,1530793.6,1400710,1368743.9,1297822.7,1259520.9,1327577.1,1385935.4,1390238.4,1310869.8,1413028.3,1342992.6,1526637.3,1585583.9,1395885.2,1421847.7,1280995.8,1334218.9,1355694.8,1443124.9,1394751.1,1312467.9,1363196,1386594.5,1503706.4,1531784.4,1392853.7,1439579.6,1347466.4,1343147.9,1340459.8,1458872.1,1416840.9,1315399.4,1319496.7,1419203.5,1539573.8,1549938.6,1410654.2,1481896.2,1355943.8,1337222.1,1325149.6,1386951.8,1351124.6,1339296.3,1301236,1416283.1,1507799.7,1480849,1450336.5,1384776.4,1206039.3,1120792.1,1138493.1,1250728.6,1275620.7,1146968.6,1245053.8,1249181.2,1382178.7,1376168.1,1333069.2,1348463.3,1246145.3,1238402.7,1295286.3,1395295.5,1325209.4,1236579.1,1262784.3,1305240.9,1422068,1488525,1377062.6,1414131.7,1338706.9,1273186.7,1272214.7,1403283.7,1399633.6,1292985.7,1311369.5,1412780.3,1515548.6,1522111.9,1390019.4,1464543.6,1350264.9,1334195.6,1265212.9,1351024.1,1397766.2,1321697.5,1386838.7,1438051.5,1568388.7,1605870.2,1449733.2,1497048.6,1385707.6,1415941,1393556.2,1468939.6,1450507.4,1349508.6,1308255.7,1394037.1
